post,sentiment,post_cleaned
Good morning every one,1,good morning
TW: S AssaultActually horrified how many friends of mine women I talk to have been sexually assaulted in past. Just found out another unhappy ğŸ˜§,0,tw : s assaultactually horrified friends women talk sexually assaulted past . just unhappy _emoji_
Thanks by has notice of me Greetings : JossetteD'Hermanni,1,thanks notice greetings : jossetted hermanni
its ending soon aah unhappy ğŸ˜§,0,ending soon aah unhappy _emoji_
My real time happy ğŸ˜Š,1,real time happy _emoji_
i hope this little beaand is andot overworkiandg himself and gettiandg at least some rest unhappy .2 ğŸ˜§,0,hope little beaand andot overworkiandg gettiandg rest unhappy . 2 _emoji_
WHY ARE YOU WHIMPER AT ME?,0,whimper ?
Thanks for the recent follow Happy to connect happy have a great Thursday. Want this.3 ğŸ˜Š,1,thanks recent follow happy connect happy great thursday . want . 3 _emoji_
25x25? I can go first happy ğŸ˜Š,1,25x25 ? happy _emoji_
Biggest problem for paper books is storage unhappy ğŸ˜§,0,biggest problem paper books storage unhappy _emoji_
GOD NOT THE KOALAS,0,god not koalas_NEG
fun and funny.... this book will warn up your kindle at night happy ğŸ˜Š,1,fun funny . . . . book warn kindle night happy _emoji_
No Celtics or Bruins today unhappy At least Sale is pitching for the Sox ğŸ˜§,0,no celtics_NEG bruins_NEG today_NEG unhappy_NEG sale_NEG pitching_NEG sox_NEG _emoji_
I just did happy.1,1,just did happy . 1
thanks for the recent follow. Much appreciated happy Want this.2 ğŸ˜Š,1,thanks recent follow . appreciated happy want . 2 _emoji_
24-20 unhappy ğŸ˜§,0,24 20 unhappy _emoji_
and he's still taking over a quarter of the billboard charts while x is,0,s taking quarter billboard charts x
That's why I say at the end of my videos If you liked it,1,s say end videos liked
yeah sad ğŸ˜”,0,yeah sad _emoji_
TypingCure,1,typingcure
this is damn.... theres people who sincerely want to attend BH birthday party but bcs of those people who try for fun make them ca.10,0,damn . . . . theres people sincerely want attend bh birthday party bcs people try fun make ca . 10
Well thanks for stoping by unhappy ğŸ˜§,0,thanks stoping unhappy _emoji_
this is damn.... theres people who sincerely want to attend BH birthday party but bcs of those people who try for fun make them ca.12,0,damn . . . . theres people sincerely want attend bh birthday party bcs people try fun make ca . 12
I've Just Wrote 30 Tweets About But Still Didn't Notice Me crying ğŸ˜†,0,ve just wrote 30 tweets didn t notice crying _emoji_
Okey unhappy ğŸ˜§,0,okey unhappy _emoji_
good morning,1,good morning
Thanks for the recent follow Happy to connect happy have a great Thursday. Want this ?.3 ğŸ˜Š,1,thanks recent follow happy connect happy great thursday . want ? . 3 _emoji_
Typed up all the medical shorthand abbreviation we use for work,0,typed medical shorthand abbreviation use work
it's such a negative pit of unhappiness,0,s negative pit unhappiness
Definitely my arms unhappy .6 ğŸ˜§,0,definitely arms unhappy . 6 _emoji_
Did you notice? There is no killings of RSS / BJP workers in another Southern State? CM is dismantling Xtian infra in Munnar?,1,did notice ? no killings_NEG rss_NEG bjp_NEG workers_NEG southern_NEG state_NEG ? cm dismantling xtian infra munnar ?
yes it would have if it hadn't been for those meddling clouds smile ğŸ˜­,1,yes hadn t meddling clouds smile _emoji_
not applicablengarag not applicable this unhappy ill find more wonu pictures soon alxmdkcsnx ğŸ˜§,0,not applicablengarag_NEG not applicable_NEG unhappy_NEG ill_NEG wonu_NEG pictures_NEG soon_NEG alxmdkcsnx_NEG _emoji_
Call Duration: Before sex: 01:47:36 After sex: 00:00:19 crying ğŸ˜†,0,duration : sex : 01 : 47 : 36 sex : 00 : 00 : 19 crying _emoji_
.Is the winner of the donation giveaway,1,. winner donation giveaway
good luck! You have my vote smile ğŸ˜­,1,good luck ! vote smile _emoji_
it would be awesome.,1,awesome .
New twitter acc. happy ğŸ˜Š,1,new twitter acc . happy _emoji_
Indeed,1,
We got a Vive tracker in the office and our intern,1,got vive tracker office intern
i know.. i really want his ranks to rise a lot during tmr's episode but seeing how many tweet about him.. unhappy ğŸ˜§,0,know . . really want ranks rise lot tmr s episode seeing tweet . . unhappy _emoji_
dang guess my plans are ruined unhappy ğŸ˜§,0,dang guess plans ruined unhappy _emoji_
The tutorial of Michel Grundstein Distinguishing Information from Knowledge.. will start at 15pm. Be here happy ğŸ˜Š,1,tutorial michel grundstein distinguishing information knowledge . . start 15pm . happy _emoji_
The manifesto,0,manifesto
1st day of JA Entertainment's Marathi Film Savita Damodar Paranjpe Have been a big fan of this story. Finally get,1,1st day ja entertainment s marathi film savita damodar paranjpe big fan story . finally
mane has been amazing unhappy .1 ğŸ˜§,0,mane amazing unhappy . 1 _emoji_
popping into a store,1,popping store
Remember- vocab knowledge is worth 75% of your grade! Will announce winner tomorrow morning at 10am! happy 15 to purchase! happy ğŸ˜Š ğŸ˜Š,1,remember vocab knowledge worth 75 grade ! announce winner tomorrow morning 10am ! happy 15 purchase ! happy _emoji_ _emoji_
oh my god same! we should attend on some lessons together sometime just kidding HAHAH,0,oh god ! attend lessons just kidding hahah
last kiss unhappy ğŸ˜§,0,kiss unhappy _emoji_
WTF Canada 2017 and you are still in the 1700s. I Will Never support,0,wtf canada 2017 1700s . never support_NEG
If you really want to dye it don't go lighter,0,really want dye don t lighter
talking to my over driver about where I'm goinghe said he'd love to go to New York too but since Trump it's probably not.4 ğŸ˜,0,talking driver m goinghe said d love new york trump s probably not . 4 _emoji_
Note to self: Dont get to attached crying ğŸ˜†,0,note self : dont attached crying _emoji_
Nothing could be better happy.2,1,nothing better_NEG happy_NEG . 2
wow this is amazing but i won't be in the country unhappy ğŸ˜§,0,wow amazing won t country unhappy _emoji_
Did you notice? There is no killings of RSS / BJP workers in another Southern State? CM is dismantling Xtian infra in Munnar?.1,1,did notice ? no killings_NEG rss_NEG bjp_NEG workers_NEG southern_NEG state_NEG ? cm dismantling xtian infra munnar ? . 1
I think I'm going to check out Even though I hear it's not as good as UE4 I believe it might be cool to tr,1,think m going check hear s not good_NEG ue4_NEG believe_NEG cool_NEG tr_NEG
i don't think i'll be ever to edit long videos here unhappy i'll go try another editing software ğŸ˜§,0,don t think ll edit long videos unhappy ll try editing software _emoji_
Ouch Elena Eremina's foot slip,0,ouch elena eremina s foot slip
You nailed it!!!!! Brought tears to my eyes,1,nailed ! ! ! ! ! brought tears eyes
the anniversary of josh's death unhappy ğŸ˜§,0,anniversary josh s death unhappy _emoji_
Why is it so difficult for me to get at least a chance unhappy ğŸ˜§,0,difficult chance unhappy _emoji_
always running out of space on my phone,1,running space phone
Roc Boyz sad .3 ğŸ˜”,0,roc boyz sad . 3 _emoji_
music and direction by of my favourites by.1,1,music direction favourites . 1
mutual: let's talk more!me: for sure!mutual: happy me:.8 ğŸ˜Š,1,mutual : let s talk ! : sure ! mutual : happy : . 8 _emoji_
Hello I hope you visit Luxor its amazing city in Egypt pleas check,1,hello hope visit luxor amazing city egypt pleas check
Select from 14 award-winning Laura Taylor romance ebooks,1,select 14 award winning laura taylor romance ebooks
Yeah! My sight reading was pretty good in high school,0,yeah ! sight reading pretty good high school
EVERY time I think that my skin is getting better,1,time think skin getting better
CAN SOMEONE PLS GIFT ME XAYAH USING PI PLSSSS? unhappy ğŸ˜§,0,pls gift xayah using pi plssss ? unhappy _emoji_
thanks for the recent follow.2,1,thanks recent follow . 2
Can you PM me ? ğŸ˜„,1,pm ? _emoji_
Here is a new thesis by another genius.Sir,1,new thesis genius . sir
Nothing could be better happy.3,1,nothing better_NEG happy_NEG . 3
Thanks for being top engaged community members this week happy Want this.1 ğŸ˜Š,1,thanks engaged community members week happy want . 1 _emoji_
Happy Birthday in Chopin style - Piano Improvisation,1,happy birthday chopin style piano improvisation
Just a new happy ğŸ˜Š,1,just new happy _emoji_
please answer request. unhappy ğŸ˜§,0,answer request . unhappy _emoji_
Ok will do! I never had any problems with the old ticket app,0,ok ! never problems_NEG old_NEG ticket_NEG app_NEG
Half of the time it doesn't load,0,half time doesn t load
Who wants some good vibes? Watch this on YouTube or TV100 application now for FREE happy.2,1,wants good vibes ? watch youtube tv100 application free happy . 2
SONE who cant stream at Genie!You CAN stream for TY at Genie! We are still sharing some Genie IDs. If you want it.2,1,sone stream genie ! stream ty genie ! sharing genie ids . want . 2
Oh no unhappy what are you like?! Is it still in shops? ğŸ˜§,0,oh no unhappy_NEG like_NEG ? ! shops ? _emoji_
Does anyone have a 7 adapter or 7 earbuds i can borrow for the day? Left mine in my car unhappy ğŸ˜§,0,does 7 adapter 7 earbuds borrow day ? left car unhappy _emoji_
mayes unhappy .g ğŸ˜§,0,mayes unhappy . g _emoji_
Cheers ğŸ˜„,1,cheers _emoji_
can I only pick one unhappy ğŸ˜§,0,pick unhappy _emoji_
Broadcaster says Fly Away reminds him of early happy ğŸ˜Š,1,broadcaster says fly away reminds early happy _emoji_
He didn't play for a year,1,didn t play year
which is good for him happy.1,1,good happy . 1
Same unhappy I've unfollowed so many people ugh ğŸ˜§,0,unhappy ve unfollowed people ugh _emoji_
Happy birthday have a good day happy ğŸ˜Š,1,happy birthday good day happy _emoji_
On moral grounds this verdict is in favor of PTI happy becoz to out of 5 judges clearly mention that our PM is... ğŸ˜Š,1,moral grounds verdict favor pti happy becoz 5 judges clearly mention pm . . . _emoji_
give me my own AHN MINHYUK juseyoooo unhappy ğŸ˜§,0,ahn minhyuk juseyoooo unhappy _emoji_
Koalas are dying of thirst and it's all because of us unhappy .12 ğŸ˜§,0,koalas dying thirst s unhappy . 12 _emoji_
sloths are great? So it's a good un-unthinkable picture? Have I dug mysel,1,sloths great ? s good unthinkable picture ? dug mysel
Thanks for the recent follow Happy to connect happy have a great Thursday. Get FREE? ğŸ˜Š,1,thanks recent follow happy connect happy great thursday . free ? _emoji_
you don't post much lately? school unhappy ğŸ˜§,0,don t post lately ? school unhappy _emoji_
In so much pain. My eye hurts unhappy ğŸ˜§,0,pain . eye hurts unhappy _emoji_
i was going to add bazza,0,going add bazza
Aww unhappy I'm on Coeurl ğŸ˜§,0,aww unhappy m coeurl _emoji_
I'm not lost,1,m not lost_NEG
I'm very jealous of you all unhappy Please go see 18:40 - Green Room on Sat! ğŸ˜§,0,m jealous unhappy 18 : 40 green room sat ! _emoji_
for my 2000th tweet i'd like to say i love donghyuck ğŸ˜„ ğŸ˜,1,2000th tweet d like say love donghyuck _emoji_ _emoji_
3 little ones.. wish you the best happy sounds like a fun group ğŸ˜Š,1,3 little ones . . wish best happy sounds like fun group _emoji_
It really is uplifting and inspiring,1,really uplifting inspiring
Gippy Grewal will be online on Twitter at 3 PM,1,gippy grewal online twitter 3 pm
Late nights,0,late nights
my heart unhappy ğŸ˜§,0,heart unhappy _emoji_
this is damn.... theres people who sincerely want to attend BH birthday party but bcs of those people who try for fun make them ca.13,0,damn . . . . theres people sincerely want attend bh birthday party bcs people try fun make ca . 13
ich will ned unhappy ğŸ˜§,0,ich ned unhappy _emoji_
Its not organicthey'll shoehorn it inbut plot character developmentMCU netflix has lesWhat support,0,not organicthey_NEG ll_NEG shoehorn_NEG inbut_NEG plot_NEG character_NEG developmentmcu_NEG netflix_NEG leswhat_NEG support_NEG
Your titties are fantastic. Kissy Kissy,1,titties fantastic . kissy kissy
Thanks for the recent follow Happy to connect happy have a great Thursday..17 ğŸ˜Š,1,thanks recent follow happy connect happy great thursday . . 17 _emoji_
babies unhappy ğŸ˜§,0,babies unhappy _emoji_
Will you do before and after pictures? I always enjoy your swanky hair happy ğŸ˜Š,1,pictures ? enjoy swanky hair happy _emoji_
on Snapchat happy ğŸ˜Š,1,snapchat happy _emoji_
thanks for the recent follow.3,1,thanks recent follow . 3
instant message fine yoo,1,instant message fine yoo
GIVING AWAY ALL THESE SOUVENIRS TO 5 LUCKY WINNERS!To Enter: Follow + RTRolling winners in 48 hold on,1,giving away souvenirs 5 lucky winners ! enter : follow rtrolling winners 48 hold
thanks for the recent follow. Much appreciated happy Get it.1 ğŸ˜Š,1,thanks recent follow . appreciated happy . 1 _emoji_
Thankfully I didn't have to chop it myself,1,thankfully didn t chop
my puppies deserves all better unhappy ğŸ˜§,0,puppies deserves better unhappy _emoji_
Rt for an indirect from and me happy ğŸ˜Š,1,rt indirect happy _emoji_
i send people bunny pics,1,send people bunny pics
Noted on this Sir,1,noted sir
thanks a lot,1,thanks lot
Good evening happy ğŸ˜Š,1,good evening happy _emoji_
Okay,1,okay
This is so me though,0,
I had but I have just seen the email. SO GOOD ğŸ˜„,1,just seen email . good _emoji_
Anne! happy ğŸ˜Š,1,anne ! happy _emoji_
before anyone else we ass hole unhappy ğŸ˜§,0,ass hole unhappy _emoji_
maybe I don't,1,maybe don t
I feel so bad,0,feel bad
Someone messed up unhappy Available** ğŸ˜§,0,messed unhappy available _emoji_
Spose you don't have to pay for accomodation which is nice haha? Or are you going to stay somewhere anyway? happy ğŸ˜Š,1,spose don t pay accomodation nice haha ? going stay ? happy _emoji_
man. : (,0,man . :
but i can't,0,t
I miss him unhappy ğŸ˜§,0,miss unhappy _emoji_
I'm so sorry to see your tweet unhappy Please could you DM your address details? I will look i ğŸ˜§,0,m sorry tweet unhappy dm address details ? look _emoji_
oh,0,oh
pake 3 unhappy ğŸ˜§,0,pake 3 unhappy _emoji_
SONE who cant stream at Genie!You CAN stream for TY at Genie! We are still sharing some Genie IDs. If you want it.3,1,sone stream genie ! stream ty genie ! sharing genie ids . want . 3
Perfect,1,perfect
this is damn.... theres people who sincerely want to attend BH birthday party but bcs of those people who try for fun make them ca.7,0,damn . . . . theres people sincerely want attend bh birthday party bcs people try fun make ca . 7
Sup guys? ğŸ˜„,1,sup guys ? _emoji_
Thanks for being top engaged community members this week happy Want this? ğŸ˜Š,1,thanks engaged community members week happy want ? _emoji_
Hellooo.. happy pussy (creepz_x) ğŸ˜Š,1,hellooo . . happy pussy _emoji_
talking about tattoos just makes me want my bb8 tattoo more and more but i'm so broke it makes me unhappy ğŸ˜§,0,talking tattoos just makes want bb8 tattoo m broke makes unhappy _emoji_
this is jimin to yoongi unhappy .5 ğŸ˜§,0,jimin yoongi unhappy . 5 _emoji_
Miss the rain unhappy ğŸ˜§,0,miss rain unhappy _emoji_
Ouuuuu..... right in the jewels! ğŸ˜„,1,ouuuuu . . . . . right jewels ! _emoji_
This escalated quickly,0,escalated quickly
Play your part in raising funds for :,1,play raising funds :
I'm trying to stay positive but I can't help be jealous of princess Mia's life. All she does is cuddle and eat unhappy ğŸ˜§,0,m trying stay positive t help jealous princess mia s life . does cuddle eat unhappy _emoji_
there are some rumors going around and videos of his performances on youtube have already been deleted..,0,rumors going videos performances youtube deleted . .
I can't do it all on my own. (See what I did there? ) .1,0,t . did ? . 1
Definitely my arms unhappy .12 ğŸ˜§,0,definitely arms unhappy . 12 _emoji_
Definitely my arms unhappy .16 ğŸ˜§,0,definitely arms unhappy . 16 _emoji_
Here's one of my rolls of 'Poundland' film! (A store that sells all products at 140.) And here's the DX d,1,s rolls poundland film ! store sells products 140 . s dx d
How people write a joke on religion online.*Joke**Just joking guys,1,people write joke religion online . joke just joking guys
sadly I'm not unhappy ğŸ˜§,0,sadly m not unhappy_NEG _emoji_
Alaye give me iphone7 or dollars for my birthdayDo normal abeg,1,alaye iphone7 dollars birthdaydo normal abeg
This was awesome-- has two fill-ins this week happy ğŸ˜Š,1,awesome ins week happy _emoji_
I literally couldn't see a thing when they were at the back of the stage,0,literally couldn t thing stage
got on my favorite boot cut jeans and roshe runs. No girl is safe today. Have a blessed 4/20 all smile ğŸ˜­,1,got favorite boot cut jeans roshe runs . no girl_NEG safe_NEG today_NEG . blessed 4 20 smile _emoji_
Whaaattt,0,whaaattt
PSA: REMEMBER THIS WHEN YOU ASK ARTISTS TO DRAW FOR YOU. I'd say the same thing for writers but apparently commissi,0,psa : remember ask artists draw . d say thing writers apparently commissi
Yes.1,1,yes . 1
Hellooo happy Ross Chaplin (MasonCooper4) ğŸ˜Š,1,hellooo happy ross chaplin masoncooper4 _emoji_
w,0,w
my views have gone done by about 100 monthly unhappy ğŸ˜§,0,views gone 100 monthly unhappy _emoji_
Good luck to Rich riding for great project in this Sunday. Can you donate?,1,good luck rich riding great project sunday . donate ?
celebrate Hitler's birthday! ğŸ˜€,1,celebrate hitler s birthday ! _emoji_
Let me eat that cake! ğŸ˜„ ğŸ˜›,1,let eat cake ! _emoji_ _emoji_
That would be a great trick happy.2,1,great trick happy . 2
uss,1,uss
Jyoust a reminder... thank you for this happy ğŸ˜Š,1,jyoust reminder . . . thank happy _emoji_
thanks,1,thanks
it froze a few times. Then went to 16.10,0,froze times . went 16 . 10
the email I was hoping I'd get today,0,email hoping d today
right i don%27t see how people can just do shit like this,0,right don 27t people just shit like
Ohh yeah and we had sausage with our pancakes happy x ğŸ˜Š,1,ohh yeah sausage pancakes happy x _emoji_
to beautiful ladies and so full of fun and body confidence. .. then on the s,0,beautiful ladies fun body confidence . . . s
This is by far my worst day of 2017 since January 8th unhappy crying crying . ğŸ˜§ ğŸ˜† ğŸ˜†,0,far worst day 2017 january 8th unhappy crying crying . _emoji_ _emoji_ _emoji_
Good Morning Peady,1,good morning peady
Thanks for the recent follow Happy to connect happy have a great Thursday..20 ğŸ˜Š,1,thanks recent follow happy connect happy great thursday . . 20 _emoji_
Never give up on the things that make you smile happy ğŸ˜­ ğŸ˜Š,1,never things_NEG make_NEG smile_NEG happy_NEG _emoji_ _emoji_
IF YOU ARE READING THIS I HOPE SOMETHING GREAT HAPPENS smile ğŸ˜­,1,reading hope great happens smile _emoji_
Same. unhappy I got a 12h stream coming up for my Bday in 8 hours. And I'm still not sleeping. ğŸ˜§,0,. unhappy got 12h stream coming bday 8 hours . m not sleeping_NEG . _emoji_
you got to rest,0,got rest
Thanks for the follow! happy ğŸ˜Š,1,thanks follow ! happy _emoji_
Last day of the camp tomorrow,0,day camp tomorrow
instead of just money,1,instead just money
Uncheck new arrivals happy ğŸ˜Š,1,uncheck new arrivals happy _emoji_
thanks for the recent follow. Much appreciated happy Want this ?.2 ğŸ˜Š,1,thanks recent follow . appreciated happy want ? . 2 _emoji_
Don kray denial of normal bi say,0,don kray denial normal bi say
this is damn.... theres people who sincerely want to attend BH birthday party but bcs of those people who try for fun make them ca.6,0,damn . . . . theres people sincerely want attend bh birthday party bcs people try fun make ca . 6
now i don%27t want to go camp unhappy ğŸ˜§,0,don 27t want camp unhappy _emoji_
Order what ever you want to eat through our website.May you all have a great day happy.2,1,order want eat website . great day happy . 2
i always knew you woyould like this one better ğŸ˜„ hahaha.,1,knew woyould like better _emoji_ hahaha .
why did she delete the tweet,0,did delete tweet
i don%27t know if you saw my comment yet,0,don 27t know saw comment
Thats grim unhappy ğŸ˜§,0,thats grim unhappy _emoji_
jungkook looks like he gives the biggest and warmest hugs unhappy .1 ğŸ˜§,0,jungkook looks like gives biggest warmest hugs unhappy . 1 _emoji_
i havent been this early to school since last semester unhappy ğŸ˜§,0,havent early school semester unhappy _emoji_
ill be at work just a second come on unhappy ğŸ˜§,0,ill work just second come unhappy _emoji_
let me know! :-) (I'M A CHAMPION!!!!!)Elder Lenore A. ArtisMinistries...,1,let know ! : m champion ! ! ! ! ! elder lenore . artisministries . . .
the perfect dress,1,perfect dress
no its okay she survived :,0,no okay_NEG survived_NEG :
Nothing could be better happy.1,1,nothing better_NEG happy_NEG . 1
give it a Like happy it's all about choice! ğŸ˜„ ğŸ˜Š,1,like happy s choice ! _emoji_ _emoji_
That would be a great trick happy.1,1,great trick happy . 1
So,0,
I'm a building a LLVM backend so,0,m building llvm backend
Again as I said I do see your concerns. But I assure you sir that Hinduism will stay Dharma and will no,1,said concerns . assure sir hinduism stay dharma no
Why? You don't like blonde hair? unhappy ğŸ˜§,0,? don t like blonde hair ? unhappy _emoji_
Koalas are dying of thirst and it's all because of us unhappy .8 ğŸ˜§,0,koalas dying thirst s unhappy . 8 _emoji_
Here's the full art for both Glyph Keeper and his mummy token. For those interested they will be hitting ebay tonig,1,s art glyph keeper mummy token . interested hitting ebay tonig
will there be a new amazingphil video today? happy ğŸ˜Š,1,new amazingphil video today ? happy _emoji_
YG should have sent them to MCD. I want to see them holding the trophy unhappy anyways .7 ğŸ˜§,0,yg sent mcd . want holding trophy unhappy anyways . 7 _emoji_
Shaandaar,0,shaandaar
Ruby was rehomed for times before she was for months old now loves her forever home. Pls always consider rescue when,1,ruby rehomed times months old loves forever home . pls consider rescue
have you tried these new hacks?! **TRYING DUMB LIFE HACKS 17**,1,tried new hacks ? ! trying dumb life hacks 17
does it have flip out scr,0,does flip scr
Ravel Morrison unhappy ğŸ˜§,0,ravel morrison unhappy _emoji_
but I liked seeing her posts and love her wri ğŸ˜,0,liked seeing posts love wri _emoji_
enjoy smile h.e.r. ğŸ˜­,1,enjoy smile h . e . r . _emoji_
wants to say HI to you.,0,wants say hi .
Share the love:thanks for being top new followers this week happy Want this ğŸ˜Š,1,share love : thanks new followers week happy want _emoji_
just now I saw. But you did not reply unhappy ğŸ˜§,0,just saw . did not reply_NEG unhappy_NEG _emoji_
I only just absorbed that I'm not going to get to laugh when he gets 2000 votes. unhappy .3 ğŸ˜§,0,just absorbed m not going_NEG laugh_NEG gets_NEG 2000_NEG votes_NEG . unhappy . 3 _emoji_
BES RIP,0,bes rip
Koalas are dying of thirst and it's all because of us unhappy .10 ğŸ˜§,0,koalas dying thirst s unhappy . 10 _emoji_
True unhappy ğŸ˜§,0,true unhappy _emoji_
friendly reminder that you can enjoy a movie or television show without having to trash another happy ğŸ˜Š,1,friendly reminder enjoy movie television having trash happy _emoji_
I miss my baby unhappy .1 ğŸ˜§,0,miss baby unhappy . 1 _emoji_
Me too...I won't miss the HGVs going past our house though. It was a nice looking building - had initiall,0,. . . won t miss hgvs going past house . nice looking building initiall
My mom knows the struggle of this drystreak I'm on unhappy ğŸ˜§,0,mom knows struggle drystreak m unhappy _emoji_
Definitely my arms unhappy .8 ğŸ˜§,0,definitely arms unhappy . 8 _emoji_
I can't wait to actually see a copy smile ğŸ˜­,1,t wait actually copy smile _emoji_
my friend is such an egg,1,friend egg
much appreciated happy (Want this for It's Magical! ğŸ˜Š,1,appreciated happy want s magical ! _emoji_
Released my 3rd episode of programming for everyone! Be sure to check it out happy ğŸ˜Š,1,released 3rd episode programming ! sure check happy _emoji_
I ordered car yesterday,0,ordered car yesterday
if you follow and DM us we will be able to assist you. Chris happy ğŸ˜Š,1,follow dm able assist . chris happy _emoji_
i don%27t know he looks so cool crying with joy ğŸ˜†,1,don 27t know looks cool crying joy _emoji_
Go back to school for music! I think I will in time happy.2,1,school music ! think time happy . 2
thanks for the recent follow.1,1,thanks recent follow . 1
Roc Boyz sad .1 ğŸ˜”,0,roc boyz sad . 1 _emoji_
if i get 900 retweets and 900 likes. help me ğŸ˜§ un.2,0,900 retweets 900 likes . help _emoji_ . 2
new video out today happy ğŸ˜Š,1,new video today happy _emoji_
Maa ki kuss tumhari. Now take this bullshit you loser.,0,maa ki kuss tumhari . bullshit loser .
rt for 13 ffs-it's not much but they're free-legit-free but follow me first to get them quicker-be patient i will g.1,1,rt 13 ffs s not free_NEG legit_NEG free_NEG follow_NEG quicker_NEG patient_NEG g_NEG . 1
Streaming later in the day (night stream) since i have to go and take care of the internet contract,0,streaming later day night stream care internet contract
all ready for its poster - when my computer gets,0,ready poster computer gets
3. That's a lot cheaper and easier than make your own. My schematic needs special cables that doesn't come easy. unhappy ğŸ˜§,0,3 . s lot cheaper easier make . schematic needs special cables doesn t come easy . unhappy _emoji_
Hey guys could you help me by retweeting this? I've heard was legitimate and I really need a VPN account rig,0,hey guys help retweeting ? ve heard legitimate really need vpn account rig
Swear I just walked past haha,0,swear just walked past haha
come to Miami sad ğŸ˜”,0,come miami sad _emoji_
A year ago today is the last time Sakho played for us unhappy ğŸ˜§,0,year ago today time sakho played unhappy _emoji_
opera Nirjhor As long as they are not claiming to be the first one ğŸ˜„ /Rosi,1,opera nirjhor long not claiming_NEG _emoji_ rosi_NEG
suuuuuuuuss scared crying ğŸ˜†,0,suuuuuuuuss scared crying _emoji_
SO PRECIOUS I REALLY MISS HIM unhappy .2 ğŸ˜§,0,precious really miss unhappy . 2 _emoji_
big love for Anne cox happy ğŸ˜ ğŸ˜Š,1,big love anne cox happy _emoji_ _emoji_
.NOTHING CHANGED BUT THE DATE .. APRIL 28 MAKE S,1,. nothing changed_NEG date_NEG . . april 28 make s
sorry guys unhappy ğŸ˜§,0,sorry guys unhappy _emoji_
Beetle done and joins Wall-E,1,beetle joins wall e
Ps4 mate,0,ps4 mate
New Upcoming Heroes REVEALED! WUKONG,1,new upcoming heroes revealed ! wukong
From soup and sandwiches to slow cooked pork,1,soup sandwiches slow cooked pork
never mind Khushi,0,never mind_NEG khushi_NEG
only take season 9 off,0,season 9
i think instant message meant to stay single and fix people's relationships my entire life smile ğŸ˜­,1,think instant message meant stay single fix people s relationships entire life smile _emoji_
Thanks for the recent follow Happy to connect happy have a great Thursday. Want this ?.2 ğŸ˜Š,1,thanks recent follow happy connect happy great thursday . want ? . 2 _emoji_
Looks awesome Annette,0,looks awesome annette
Sydney tomorrow,1,sydney tomorrow
Definitely my arms unhappy .14 ğŸ˜§,0,definitely arms unhappy . 14 _emoji_
Merry Christmas everyone happy ğŸ˜Š,1,merry christmas happy _emoji_
My knee is similar colour to leny Henry's unhappy ğŸ˜§,0,knee similar colour leny henry s unhappy _emoji_
Hi Julie,0,hi julie
One year ago today unhappy .1 ğŸ˜§,0,year ago today unhappy . 1 _emoji_
or SHIT for short ğŸ˜Š *Thanks to my friend maddy over at,1,shit short _emoji_ thanks friend maddy
Goals of 2017: Become apart of with and Lose 50 LBSStart Youtube happy ğŸ˜Š,1,goals 2017 : apart lose 50 lbsstart youtube happy _emoji_
Golly gosh. This is simply dreadful What havoc must be wreaking subsurface? Black salve won't,0,golly gosh . simply dreadful havoc wreaking subsurface ? black salve won t
Same happy I'll see closer to the con but it's no more than five or so. Lol same ğŸ˜„ ğŸ˜Š,1,happy ll closer s no . lol _emoji_ _emoji_
We'd love to ğŸ˜,0,d love _emoji_
and have fun,0,fun
Roc Boyz sad .2 ğŸ˜”,0,roc boyz sad . 2 _emoji_
Soon I'll make arts happy ğŸ˜Š,1,soon ll make arts happy _emoji_
only way to make sense of those crazy edge cases is the idea of sharing revenue was offensive,1,way make sense crazy edge cases idea sharing revenue offensive
I just wanted to say thank you for following me,1,just wanted say thank following
Superstar thanks so much for the kind words! Look forward to seeing you soon buddy smile.1,1,superstar thanks kind words ! look forward seeing soon buddy smile . 1
C'mon Tweeps,1,c mon tweeps
Good morning every one.1,1,good morning . 1
Definitely my arms unhappy .10 ğŸ˜§,0,definitely arms unhappy . 10 _emoji_
just me killin time to say hey! ğŸ˜„,1,just killin time say hey ! _emoji_
2010 Week 11,0,2010 week 11
class hall missions and heroic dungeons surprised ğŸ˜„,1,class hall missions heroic dungeons surprised _emoji_
Maayos didn%27t ang lahat happy lets give him a space and time happy ğŸ˜Š ğŸ˜Š,1,maayos didn 27t ang lahat happy lets space time happy _emoji_ _emoji_
Baaaper unhappy ğŸ˜§,0,baaaper unhappy _emoji_
last night I had a dream in which I moved to Japan and just so happened to see you! You denied my friendlies request. unhappy ğŸ˜§,0,night dream moved japan just happened ! denied friendlies request . unhappy _emoji_
Thanks smile much better today and thanks for the message. ğŸ˜­,1,thanks smile better today thanks message . _emoji_
Good evening happy.1,1,good evening happy . 1
Does not matter,1,does not matter_NEG
This is why I made the video about improving your line work on YouTube,1,video improving line work youtube
Another great day out in Westhoughton,1,great day westhoughton
Order what ever you want to eat through our website.May you all have a great day happy.1,1,order want eat website . great day happy . 1
One table last night told me I look like a graceful ballerina gliding through tables- then another told me I looked like a flash dancer unhappy ğŸ˜§,0,table night told look like graceful ballerina gliding tables told looked like flash dancer unhappy _emoji_
I honestly think that their just trying to get rid of me and make a mockery out of me in my Town because i just wont admit it. unhappy ğŸ˜§,0,honestly think just trying rid make mockery town just wont admit . unhappy _emoji_
mannn,0,mannn
All my irls are coming at me because I meet the boys too much and I don't deserve any of it unhappy ğŸ˜§,0,irls coming meet boys don t deserve unhappy _emoji_
Stats for the week have arrived. 1 new follower and NO unfollowers happy via.2 ğŸ˜Š,1,stats week arrived . 1 new follower no unfollowers_NEG happy_NEG . 2 _emoji_
Thanks for the recent follow Happy to connect happy have a great Thursday..13 ğŸ˜Š,1,thanks recent follow happy connect happy great thursday . . 13 _emoji_
for some reason last.fm unlinks from spotify and i miss like a month of scrobbles before i notice unhappy ğŸ˜§,0,reason . fm unlinks spotify miss like month scrobbles notice unhappy _emoji_
this worked out beautifully. If you redesign the import page to suit the whole application would mak,1,worked beautifully . redesign import page suit application mak
LADIES! - tell me why yoyoyou don't play golf. What wyoyoyoud make yoyoyou want to play? Top 3 reasons yoyoyou DO play? heyjyoyoyoude66info,1,ladies ! tell yoyoyou don t play golf . wyoyoyoud make yoyoyou want play ? 3 reasons yoyoyou play ? heyjyoyoyoude66info
Definitely my arms unhappy .15 ğŸ˜§,0,definitely arms unhappy . 15 _emoji_
First happy ğŸ˜Š,1,happy _emoji_
we left it all unspoken,0,left unspoken
We lost: at Jacksonville,0,lost : jacksonville
Thanks for the recent follow Happy to connect happy have a great Thursday..12 ğŸ˜Š,1,thanks recent follow happy connect happy great thursday . . 12 _emoji_
freebet any sport except total mkets on handball,0,freebet sport total mkets handball
The one on the left? I couldn't see it unhappy ğŸ˜§,0,left ? couldn t unhappy _emoji_
Morning,1,morning
I second that! Thanks for the spin. Very much appreciated. happy ğŸ˜Š,1,second ! thanks spin . appreciated . happy _emoji_
Order what ever you want to eat through our website.May you all have a great day happy.3,1,order want eat website . great day happy . 3
Unnamed: 582,1,unnamed : 582
Becoz if we will depend on your promoting its waste of hardwork to all team who,0,becoz depend promoting waste hardwork team
Hi Kylie,1,hi kylie
No one is offering this poor old lady a seat unhappy ğŸ˜§,0,no offering_NEG poor_NEG old_NEG lady_NEG seat_NEG unhappy_NEG _emoji_
I'm all fucked up right now unhappy ğŸ˜§,0,m fucked right unhappy _emoji_
Love this!,1,love !
I cried so much,0,cried
Another great song Have a listen. Its good! You may well like it happy.1,1,great song listen . good ! like happy . 1
I liked a video,0,liked video
When your online crush comes to the meet-up without their Snapchat filter unhappy .3 ğŸ˜§,0,online crush comes meet snapchat filter unhappy . 3 _emoji_
but why? unhappy ğŸ˜§,0,? unhappy _emoji_
[thinks about how tfp soundwave is forever trapped in the void realm] unhappy ğŸ˜§,0,thinks tfp soundwave forever trapped void realm unhappy _emoji_
she might have dressed a bit better.,1,dressed bit better .
jyoustinbieber can you please follow me on daianeryoufato i've been trying for too long unhappy i love you so much baby! xx (April 20 ğŸ˜§ ğŸ˜,0,jyoustinbieber follow daianeryoufato ve trying long unhappy love baby ! xx april 20 _emoji_ _emoji_
your an inspiration to everyone Miss Jones happy ğŸ˜Š,1,inspiration miss jones happy _emoji_
With the help of made these sent starters for P1Q3. Open to suggestions on how to improve happy ğŸ˜Š,1,help sent starters p1q3 . open suggestions improve happy _emoji_
pretty happy ğŸ˜Š,1,pretty happy _emoji_
Good luck happy ğŸ˜Š,1,good luck happy _emoji_
yes jenniessi?,0,yes jenniessi ?
Cleantha,0,cleantha
If you want a friend in Washington,1,want friend washington
this is jimin to yoongi unhappy .3 ğŸ˜§,0,jimin yoongi unhappy . 3 _emoji_
Bill Nye Answers Science Questions From Twitter | WIRED,1,nye answers science questions twitter wired
It's hard to imagine anyone but Robin unhappy but still exciting nonetheless ğŸ˜§,0,s hard imagine robin unhappy exciting nonetheless _emoji_
Maybe I do,1,maybe
Hey screenshot sainyo . Hmm tumagal sana us . Stay what uu are . Im always here fr uu no matter what . Luv uu so mats,0,hey screenshot sainyo . hmm tumagal sana . stay uu . im fr uu no matter_NEG . luv uu mats
Sure do! happy ğŸ˜Š,1,sure ! happy _emoji_
but in reality they're just patches of dusty dirt unhappy ğŸ˜§,0,reality just patches dusty dirt unhappy _emoji_
U4v9rr I wish I had noted the gentleman's name unhappy but if you find out who he is ğŸ˜§,0,u4v9rr wish noted gentleman s unhappy _emoji_
ikr!! unhappy oki welcome sam ğŸ˜§,0,ikr ! ! unhappy oki welcome sam _emoji_
Today is 4-20 which is Hitler's birthday unhappy ğŸ˜§,0,today 4 20 hitler s birthday unhappy _emoji_
Thanks for your feedback! It' just the starting phase,1,thanks feedback ! just starting phase
Keep,1,
sometimes at night i feel scared and vulnerable crying ğŸ˜†,0,night feel scared vulnerable crying _emoji_
First round exit in 15 minutes followed by 45 of tech crying unhappy ğŸ˜† ğŸ˜§,0,round exit 15 minutes followed 45 tech crying unhappy _emoji_ _emoji_
Goodnight princess,0,goodnight princess
Surround yourself with positivity happy.1,1,surround positivity happy . 1
it's Adore you,0,s adore
So Happy It's Thursday*,1,happy s thursday
no one is selling vhope banners what? sad ğŸ˜”,0,no selling_NEG vhope_NEG banners_NEG ? sad _emoji_
Thank you happy.1,1,thank happy . 1
Okay lang friend promise meant to be broken =( HAHAHAHA,0,okay lang friend promise meant broken hahahaha
Being a parent is very challenging. If we cannot control ourselves we'll give the worst output to the children In other word,0,parent challenging . cannot control_NEG ll_NEG worst_NEG output_NEG children_NEG word_NEG
plus I want to win that Merc C63 silence Sooo! happy ğŸ˜Š,1,plus want win merc c63 silence sooo ! happy _emoji_
In class and I'm really bored so why not happy Rt for one!! Mutuals non mutuals Pls don't let me flop ;-; ğŸ˜Š,1,class m really bored not happy_NEG rt_NEG ! ! mutuals non mutuals pls don t let flop ; ; _emoji_
Too bad i can't watch it unhappy that cake is cute and looks delicious ğŸ˜§,0,bad t watch unhappy cake cute looks delicious _emoji_
Thanks for the recent follow Happy to connect happy have a great Thursday..23 ğŸ˜Š,1,thanks recent follow happy connect happy great thursday . . 23 _emoji_
Make them feel that you are there to listen to their problems,1,make feel listen problems
chaged for the best for our Singto. Please,1,chaged best singto .
I had all and then most of you,1,
I miss London already unhappy ğŸ˜§,0,miss london unhappy _emoji_
mom please stop making cookies,0,mom stop making cookies
you'll be see.1,1,ll . 1
pake unhappy ğŸ˜§,0,pake unhappy _emoji_
how come i didn't get a reminder email this month unhappy ğŸ˜§,0,come didn t reminder email month unhappy _emoji_
Congrats on your ğŸ˜„,1,congrats _emoji_
yoongi come back unhappy ğŸ˜§,0,yoongi come unhappy _emoji_
Seokjinie went to Everland today~ I guess he forgot that he's an idol.1,1,seokjinie went everland today guess forgot s idol . 1
19 days of school left happy ğŸ˜Š,1,19 days school left happy _emoji_
rather,1,
I used to like my neighbours,1,used like neighbours
Issa Throwback. happy ğŸ˜Š,1,issa throwback . happy _emoji_
Right I seriously need a decent Butterfly Tattoo design,1,right seriously need decent butterfly tattoo design
If school has taught us anything,1,school taught
they would have sustained their fame if they did unhappy ğŸ˜§,0,sustained fame did unhappy _emoji_
#NAME?.2,0,? . 2
much appreciated happy Want this ğŸ˜Š,1,appreciated happy want _emoji_
er,1,er
pamura isa because in this very moment,0,pamura isa moment
Not surprised that I have the least amount of followers out of the whole cast sad LOL ğŸ˜”,0,not surprised_NEG followers_NEG cast_NEG sad_NEG lol_NEG _emoji_
comforting London fog.,1,comforting london fog .
keep smiling happy.1,1,smiling happy . 1
Go back to school for music! I think I will in time happy.1,1,school music ! think time happy . 1
instant message still hoping unhappy .1 ğŸ˜§,0,instant message hoping unhappy . 1 _emoji_
i was telling you to read a book today. knowledge is power. knowledge is growth. kee,1,telling read book today . knowledge power . knowledge growth . kee
this is damn.... theres people who sincerely want to attend BH birthday party but bcs of those people who try for fun make them ca.11,0,damn . . . . theres people sincerely want attend bh birthday party bcs people try fun make ca . 11
A little bit overdramatic death happy ğŸ˜Š,1,little bit overdramatic death happy _emoji_
help me too unhappy as an early birthday gift huhu ğŸ˜§,0,help unhappy early birthday gift huhu _emoji_
watchman comes and threatens me,0,watchman comes threatens
hey,1,hey
now I need a different pinned tweet unhappy ğŸ˜§,0,need different pinned tweet unhappy _emoji_
Watch this MayWard Fam!,1,watch mayward fam !
I hit that,1,hit
lips though,1,lips
this isn't,1,isn t
Oh boo,0,oh boo
beauty,0,beauty
20% off all Knight Day Jewellery ends this Sunday-Why not pick up something nice for,1,20 knight day jewellery ends sunday not pick_NEG nice_NEG
this is damn.... theres people who sincerely want to attend BH birthday party but bcs of those people who try for fun make them ca.2,0,damn . . . . theres people sincerely want attend bh birthday party bcs people try fun make ca . 2
good morning i had a nightmare and i'm still wondering why maddie hates me. this is only the beginning of the day unhappy ğŸ˜§,0,good morning nightmare m wondering maddie hates . beginning day unhappy _emoji_
Definitely my arms unhappy .4 ğŸ˜§,0,definitely arms unhappy . 4 _emoji_
my puppies deserves all better unhappy .2 ğŸ˜§,0,puppies deserves better unhappy . 2 _emoji_
Nick? Might he deliver WHEN the time demands it. Story of his life -,0,nick ? deliver time demands . story life
today hasn't been great unhappy ğŸ˜§,0,today hasn t great unhappy _emoji_
Thanks for connecting We are passionate about - hope you like our tweets happy.1,1,thanks connecting passionate hope like tweets happy . 1
I hate throwing up unhappy ğŸ˜§,0,hate throwing unhappy _emoji_
Many thanks,1,thanks
thanks for the recent follow,1,thanks recent follow
clauditte,1,clauditte
You can have mine and I'll take the iPhone. I'm switching back when my contract is up... in a year and a half unhappy ğŸ˜§,0,ll iphone . m switching contract . . . year half unhappy _emoji_
and I suspect you will be one of the few who would get it happy ğŸ˜Š,1,suspect happy _emoji_
Definitely my arms unhappy .3 ğŸ˜§,0,definitely arms unhappy . 3 _emoji_
And that's what's important! happy that's what I'm trying to remember. ğŸ˜Š,1,s s important ! happy s m trying remember . _emoji_
thanks for the recent follow.4,1,thanks recent follow . 4
I miss Jamie boy and we're both sick unhappy ğŸ˜§,0,miss jamie boy sick unhappy _emoji_
We bought a 523 litre fridge. I am applying for cold storage license in Bhayander West ğŸ˜„,1,bought 523 litre fridge . applying cold storage license bhayander west _emoji_
Omg I see why you don't drink alcohol Haha so glad your having fun all you guys ! Wish I,0,omg don t drink alcohol haha glad having fun guys ! wish
wowwow these are all so cute unhappy i wantt .1 ğŸ˜§,0,wowwow cute unhappy wantt . 1 _emoji_
this is jimin to yoongi unhappy .4 ğŸ˜§,0,jimin yoongi unhappy . 4 _emoji_
kind of like my layout happy ğŸ˜Š,1,kind like layout happy _emoji_
oh my god what the heck i'm so sorry! this was one of my favorites as well unhappy ğŸ˜§,0,oh god heck m sorry ! favorites unhappy _emoji_
i think that's going to be true,0,think s going true
We don%27t spam him in any way,1,don 27t spam way
let alone for free!),0,let free !
Been streaminuteg for 45 minute not understanding a thing and still.. unhappy ğŸ˜§,0,streaminuteg 45 minute not understanding_NEG thing_NEG . . unhappy _emoji_
we can get pork katsudon at Tokyo Diner! Tho it doesn't have egg in it unhappy ğŸ˜§,0,pork katsudon tokyo diner ! tho doesn t egg unhappy _emoji_
THANK YOU happy ğŸ˜Š,1,thank happy _emoji_
this is damn.... theres people who sincerely want to attend BH birthday party but bcs of those people who try for fun make them ca.9,0,damn . . . . theres people sincerely want attend bh birthday party bcs people try fun make ca . 9
Zabardast,0,zabardast
this is damn.... theres people who sincerely want to attend BH birthday party but bcs of those people who try for fun make them ca.5,0,damn . . . . theres people sincerely want attend bh birthday party bcs people try fun make ca . 5
Happy birthday,1,happy birthday
i love him crying with joy ğŸ˜ ğŸ˜†,1,love crying joy _emoji_ _emoji_
IF THE BELOW TWEET HITS 1000 IS GETTING RIAN HOLDING THE STICKER TOO!!! Click the below tweet SM,1,tweet hits 1000 getting rian holding sticker ! ! ! click tweet sm
Die evil raven! ğŸ˜„,1,die evil raven ! _emoji_
Bantay? unhappy ğŸ˜§,0,bantay ? unhappy _emoji_
me everything and anything these days,1,days
jungkook looks like he gives the biggest and warmest hugs unhappy ğŸ˜§,0,jungkook looks like gives biggest warmest hugs unhappy _emoji_
He's not beating the two favourites here anyway so I'll stop caring about this match,0,s not beating_NEG favourites_NEG ll_NEG stop_NEG caring_NEG match_NEG
the new one just seems a bit unstable unhappy ğŸ˜§,0,new just bit unstable unhappy _emoji_
come back callie gabbie d ghost unhappy i love you both ğŸ˜§ ğŸ˜,0,come callie gabbie d ghost unhappy love _emoji_ _emoji_
this wasnt meant to sound ano sad ğŸ˜”,0,wasnt meant sound ano sad _emoji_
ahhh I'd be well chuffed,0,ahhh d chuffed
Lage unhappy ğŸ˜§,0,lage unhappy _emoji_
Thanks for up-voting us on PH happy.1,1,thanks voting ph happy . 1
Who got to pen today man crying ğŸ˜†,0,got pen today man crying _emoji_
this is damn.... theres people who sincerely want to attend BH birthday party but bcs of those people who try for fun make them ca,0,damn . . . . theres people sincerely want attend bh birthday party bcs people try fun make ca
this is damn.... theres people who sincerely want to attend BH birthday party but bcs of those people who try for fun make them ca.14,0,damn . . . . theres people sincerely want attend bh birthday party bcs people try fun make ca . 14
The video will definitely be a 30 minute episode if not longer.,1,video definitely 30 minute episode not longer_NEG .
retweet this tweet if you want your to be included in the nhc scrapbook!! i'll be making something out of all of the usern,1,retweet tweet want included nhc scrapbook ! ! ll making usern
Client work for rt and favorite happy.1,1,client work rt favorite happy . 1
Who's that chair you're sitting in? Is this how I find out. Everyone knows now. You've shamed me in pu,0,s chair sitting ? . knows . ve shamed pu
Get this to 150!!,1,150 ! !
Hey thanks for being top new followers this week! Much appreciated happy.1,1,hey thanks new followers week ! appreciated happy . 1
Thanks for the recent follow Happy to connect happy have a great Thursday. Want this ?.4 ğŸ˜Š,1,thanks recent follow happy connect happy great thursday . want ? . 4 _emoji_
Thanks for the recent follow Happy to connect happy have a great Thursday..19 ğŸ˜Š,1,thanks recent follow happy connect happy great thursday . . 19 _emoji_
[PLEASE RT] he'll buy me a blinking taehyung headband,0,rt ll buy blinking taehyung headband
Share the love: thanks for being top new followers this week happy.1,1,share love : thanks new followers week happy . 1
vocal coach IG post:,1,vocal coach ig post :
we finally got jinyoung to wipe it for jaebum himself but their precious son blocks it for the world to witness it.1,1,finally got jinyoung wipe jaebum precious son blocks world witness . 1
i miss minmin crying ğŸ˜†,0,miss minmin crying _emoji_
when will you go here in batangas? sad ğŸ˜”,0,batangas ? sad _emoji_
Hello everyone.1,1,hello . 1
Seokjinie went to Everland today~ I guess he forgot that he's an idol,1,seokjinie went everland today guess forgot s idol
Scout photobombed my bluebells photo sad ğŸ˜”,0,scout photobombed bluebells photo sad _emoji_
and mag refer kana rin sakanila nice game,1,mag refer kana rin sakanila nice game
I had that down south and had no issues,1,south no issues_NEG
That would be a great trick happy.5,1,great trick happy . 5
Definitely my arms unhappy .13 ğŸ˜§,0,definitely arms unhappy . 13 _emoji_
One of our fleet is solely seeharged by domestisee hydro Toro see,1,fleet solely seeharged domestisee hydro toro
That makes me sad. unhappy I wasn't friends with her like you ğŸ˜§,0,makes sad . unhappy wasn t friends like _emoji_
who knows ğŸ˜„,1,knows _emoji_
Share the love - High Value Members of this week happy (insight by ğŸ˜ ğŸ˜Š,1,share love high value members week happy insight _emoji_ _emoji_
Sooooo feels like a Friday today unhappy ğŸ˜§,0,sooooo feels like friday today unhappy _emoji_
instant message perfectly fine ğŸ˜„ how about you fellow ken,1,instant message perfectly fine _emoji_ fellow ken
Damn you both,0,damn
30 likes?} hehe,1,30 likes ? hehe
you might set the whole place on fire.,0,set place .
i was telling you to read a book today. knowledge is power. knowledge is growth. kee.1,1,telling read book today . knowledge power . knowledge growth . kee . 1
Hi KN fans! happy ğŸ˜Š,1,hi kn fans ! happy _emoji_
I WAITED FOR U unhappy ğŸ˜§,0,waited u unhappy _emoji_
Louis_Tomlinson follow me please? unhappy ğŸ˜§,0,follow ? unhappy _emoji_
I woke up at 4:17,0,woke 4 : 17
I love it when pretty girls call me pretty like bitch tf you too happy let's be friends ğŸ˜ ğŸ˜Š,1,love pretty girls pretty like bitch tf happy let s friends _emoji_ _emoji_
if anyone has got a design or could find me one I would be so grateful to you ğŸ˜„,1,got design grateful _emoji_
Naila Raheem is now following me on Twitter!,1,naila raheem following twitter !
did some warm up sketches of some of my faves,0,did warm sketches faves
Feeling so shit today unhappy ğŸ˜§,0,feeling shit today unhappy _emoji_
Who wants some good vibes? Watch this on YouTube or TV100 application now for FREE happy.1,1,wants good vibes ? watch youtube tv100 application free happy . 1
2017 at 08:45AM),0,2017 08 : 45am
I suddenly miss you ate unhappy ğŸ˜§,0,suddenly miss ate unhappy _emoji_
you also support each other! AN,1,support !
Che no critiques. unhappy ğŸ˜§,0,che no critiques_NEG . unhappy _emoji_
I think that's one of the hottest part of your body,0,think s hottest body
Hellooo.. happy Lil strait (Daddyy_rat) ğŸ˜Š,1,hellooo . . happy lil strait _emoji_
got to aksis 2nd part and have a CP for him but have never completed it since return on investment dropped laughing out loud unhappy ğŸ˜§,0,got aksis 2nd cp never completed_NEG return_NEG investment_NEG dropped_NEG laughing_NEG loud_NEG unhappy_NEG _emoji_
Aseek,0,aseek
going to go meet andrew for lunch now but i'll be back at to or to :30,1,going meet andrew lunch ll : 30
Thanks for the recent follow Happy to connect happy have a great Thursday. Want it.2 ğŸ˜Š,1,thanks recent follow happy connect happy great thursday . want . 2 _emoji_
there're time shinhwa do/did something,1,time shinhwa did
oh shiiiiid noooooor unhappy ğŸ˜§,0,oh shiiiiid noooooor unhappy _emoji_
you can get a professional one here,1,professional
looking forward to you visiting! You've picked a great day too,1,looking forward visiting ! ve picked great day
I'm aborting mission now have a nice day though x,0,m aborting mission nice day x
Autograph book at the ready,0,autograph book ready
lolo bin are you fucking mental screenshot ğŸ˜„ HAHA,1,lolo bin fucking mental screenshot _emoji_ haha
Share the love: thanks for being top new followers this week happy.2,1,share love : thanks new followers week happy . 2
i wasn't saying i read a book today,1,wasn t saying read book today
Haven't played FM in a long time. I really should. unhappy ğŸ˜§,0,haven t played fm long time . really . unhappy _emoji_
My salary reminds me of the weekends,0,salary reminds weekends
i want harry's phonecase sad ğŸ˜”,0,want harry s phonecase sad _emoji_
Myth is a good Team,1,myth good team
I understand that look sad ğŸ˜”,0,understand look sad _emoji_
Congratulations very impressive happy ğŸ˜Š,1,congratulations impressive happy _emoji_
What a sad life it must be ğŸ˜”,1,sad life _emoji_
Definitely my arms unhappy .5 ğŸ˜§,0,definitely arms unhappy . 5 _emoji_
went to work.Don't get too excited,1,went work . don t excited
well..human. That's all i,1,. . human . s
Thank you crew happy.4,1,thank crew happy . 4
Hi Guys,1,hi guys
sorry unhappy i just need sex for the time being ğŸ˜§,0,sorry unhappy just need sex time _emoji_
HAPPY BIRTHDAY To the cyoutest/fyounniest a d you l t I know :')Have a good day Coreo Boreo,1,happy birthday cyoutest fyounniest d l t know : good day coreo boreo
especially for people who have low patience level happy ğŸ˜Š,1,especially people low patience level happy _emoji_
Thanks for the recent follow Happy to connect happy have a great Thursday..22 ğŸ˜Š,1,thanks recent follow happy connect happy great thursday . . 22 _emoji_
flavorful dream,0,flavorful dream
Still live!,1,live !
I'm on a road with no destination . I'm just driving with a hope to find some place I like and stay there,1,m road no destination_NEG . m just driving hope place like stay
Nothing is ever as it seems. What looks bad today,1,nothing . looks bad today
I'm so tired unhappy ğŸ˜§,0,m tired unhappy _emoji_
Haha thanks fansnim! happy ğŸ˜Š,1,haha thanks fansnim ! happy _emoji_
i really feel for that lamp unhappy ğŸ˜§,0,really feel lamp unhappy _emoji_
Guess who's not getting a unicorn frappuccino because they're sold out unhappy ğŸ˜§,0,guess s not getting_NEG unicorn_NEG frappuccino_NEG sold_NEG unhappy_NEG _emoji_
Thank you crew happy.3,1,thank crew happy . 3
Come volunteer at The Abbeydale Picture House! Next Wednesday...,1,come volunteer abbeydale picture house ! wednesday . . .
No stress Mariana,1,no stress_NEG mariana_NEG
I feel like the 'only environments disable people' argument actually excludes many disabled people,0,feel like environments disable people argument actually excludes disabled people
your birthday isn't for another for hours for me,1,birthday isn t hours
sounds family,0,sounds family
Hello 1372 followers - thank you so much for following! Will love to read your Tweets happy Want this ? ğŸ˜ ğŸ˜Š,1,hello 1372 followers thank following ! love read tweets happy want ? _emoji_ _emoji_
look how big I've become!,1,look big ve !
Unnamed: 223,1,unnamed : 223
fitness,1,fitness
Happy 420 everyone happy ğŸ˜Š,1,happy 420 happy _emoji_
4/20 today,0,4 20 today
baby unhappy (bett ğŸ˜§,0,baby unhappy bett _emoji_
One of my faves too unhappy I'm tying to get it up on Vimeo so you guys can still watch it x ğŸ˜§,0,faves unhappy m tying vimeo guys watch x _emoji_
this is damn.... theres people who sincerely want to attend BH birthday party but bcs of those people who try for fun make them ca.4,0,damn . . . . theres people sincerely want attend bh birthday party bcs people try fun make ca . 4
we will be never ready actually happy idhuellam dialogue ku dhan othu varum.. ğŸ˜Š,1,never ready_NEG actually_NEG happy_NEG idhuellam_NEG dialogue_NEG ku_NEG dhan_NEG othu_NEG varum_NEG . . _emoji_
Tara,1,tara
this is damn.... theres people who sincerely want to attend BH birthday party but bcs of those people who try for fun make them ca.15,0,damn . . . . theres people sincerely want attend bh birthday party bcs people try fun make ca . 15
Hellooo happy Jackatkinson (jackat13) ğŸ˜Š,1,hellooo happy jackatkinson jackat13 _emoji_
TICKETS AVAILABLE NOW for The 401 Festival of Running 2017,1,tickets available 401 festival running 2017
For those asking,0,asking
i miss them already unhappy ğŸ˜§,0,miss unhappy _emoji_
Good luck to Rich riding for great project in this Sunday. Can you donate?.1,1,good luck rich riding great project sunday . donate ? . 1
it's just got 3 years longer unhappy ğŸ˜§,0,s just got 3 years longer unhappy _emoji_
Cpl Swallows just gone over the house. Heard them whilst flying my drone.. happy ğŸ˜Š,1,cpl swallows just gone house . heard whilst flying drone . . happy _emoji_
SAP did you also use,1,sap did use
Nice gif happy ğŸ˜Š,1,nice gif happy _emoji_
22 is old unhappy ğŸ˜§,0,22 old unhappy _emoji_
Thanks for the recent follow Happy to connect happy have a great Thursday..15 ğŸ˜Š,1,thanks recent follow happy connect happy great thursday . . 15 _emoji_
Hi,1,hi
Well.1,1,. 1
pips singing let it snow crying with joy ğŸ˜†,1,pips singing let snow crying joy _emoji_
Shihaaaa help me on my bishie hunttt equals ^ equals ),1,shihaaaa help bishie hunttt equals equals
you'll be see,1,ll
Time just flies,0,time just flies
for trade ? happy what yeah want ? ğŸ˜Š,1,trade ? happy yeah want ? _emoji_
keep being you,1,
it's $10 but also free postage. i wish the seller had yanan and yeo one too. unhappy ğŸ˜§,0,s 10 free postage . wish seller yanan yeo . unhappy _emoji_
I miss you Levi unhappy ğŸ˜§,0,miss levi unhappy _emoji_
Hey thanks for being top new followers this week! Much appreciated happy.2,1,hey thanks new followers week ! appreciated happy . 2
Annapurna studios production no.29 on floors tomorrow. In this heat we are going to turn on the heat happy can't expre ğŸ˜Š,1,annapurna studios production no . 29 floors tomorrow . heat going turn heat happy t expre _emoji_
Koalas are dying of thirst and it's all because of us unhappy .9 ğŸ˜§,0,koalas dying thirst s unhappy . 9 _emoji_
I need lessons to learn how to start conversations with people and keep chatting with them unhappy ğŸ˜§,0,need lessons learn start conversations people chatting unhappy _emoji_
:^) hello,0,: hello
this song will always be one of my faves unhappy ğŸ˜§,0,song faves unhappy _emoji_
Damn it isn't available here unhappy ğŸ˜§,0,damn isn t available unhappy _emoji_
SO PRECIOUS I REALLY MISS HIM unhappy ğŸ˜§,0,precious really miss unhappy _emoji_
Ooh,1,ooh
I guess it's a good thing then to bring it right to the foreground and put it right in their face,1,guess s good thing bring right foreground right face
I MISSED YOU A WHOLE LOT unhappy ğŸ˜§,0,missed lot unhappy _emoji_
and i would never forget about you!!,0,never forget_NEG ! !
but Genix deserves so much more than Myth! Open your Eyes The Community want,1,genix deserves myth ! open eyes community want
A Chub bun because its Easter! Happy Easter! His name is Almond! :D.1,1,chub bun easter ! happy easter ! almond ! : d . 1
Facts About Parrots in Minecraft coming soon!! ğŸ˜„,1,facts parrots minecraft coming soon ! ! _emoji_
we finally got jinyoung to wipe it for jaebum himself but their precious son blocks it for the world to witness it,1,finally got jinyoung wipe jaebum precious son blocks world witness
Just please look at how scared and full of tence lauren's face is after tryin reaching camila's hand,0,just look scared tence lauren s face tryin reaching camila s hand
We're you also at our signing session with Qian Liu Jared Wright after the last performance of Onegin? Share your,1,signing session qian liu jared wright performance onegin ? share
White genocide is not a thing. Its figment of your imagination. Youre a victim of nothing but disinformation.,0,white genocide not thing_NEG . figment imagination . youre victim nothing disinformation_NEG .
one direction (band) whats going on unhappy ğŸ˜§,0,direction band whats going unhappy _emoji_
younhappy I'll keep it jyoust for you,0,younhappy ll jyoust
papa bird? I hope year oldu don't mind? Because I want to stay with year old,1,papa bird ? hope year oldu don t mind ? want stay year old
don't rt to save a guy's life,0,don t rt save guy s life
Hi Aled,0,hi aled
Yep I'm going back to school to become an editor hopefully. Can't wait! Your sister really believes in my skills happy ğŸ˜Š,1,yep m going school editor hopefully . t wait ! sister really believes skills happy _emoji_
and all the mobbing in Australia,0,mobbing australia
I look good in blue happy ğŸ˜Š,1,look good blue happy _emoji_
Trying to get in touch with but their numbers appear to be down! unhappy ğŸ˜§,0,trying touch numbers appear ! unhappy _emoji_
Sixth spot not applicable Team! Higher pa! ğŸ˜Š ğŸ˜˜ TheFashionIcon,1,sixth spot not applicable_NEG team_NEG ! higher pa ! _emoji_ _emoji_ thefashionicon
Faltan Russel why Noodle unhappy ğŸ˜§,0,faltan russel noodle unhappy _emoji_
Oh,1,oh
Dear attendees,0,dear attendees
Hey thanks for being top new followers this week! Much appreciated happy.3,1,hey thanks new followers week ! appreciated happy . 3
yeah i am unhappy thank you so much my angel ğŸ˜§,0,yeah unhappy thank angel _emoji_
seem I want to drop this account to wuhyungwon unhappy ğŸ˜§,0,want drop account wuhyungwon unhappy _emoji_
Deep scratch ;_;All the paint is gone you see the bare metal. So it needs to be fixed to avoid getting a rusting car soon unhappy ğŸ˜§,0,deep scratch ; ; paint gone bare metal . needs fixed avoid getting rusting car soon unhappy _emoji_
but like HOW LONG IS A WHILE?! i didn't want him to be back but he puts me in such a good mood so i don't want him,0,like long ? ! didn t want puts good mood don t want
I know how you feel,0,know feel
I really must go see Power Rangers again. smile ğŸ˜­,1,really power rangers . smile _emoji_
in fact.,0,fact .
Share the love: thanks for being top new followers this week happy Want it ğŸ˜Š,1,share love : thanks new followers week happy want _emoji_
But I think you'll do better than me happy ğŸ˜Š,1,think ll better happy _emoji_
talking to my over driver about where I'm goinghe said he'd love to go to New York too but since Trump it's probably not.6 ğŸ˜,0,talking driver m goinghe said d love new york trump s probably not . 6 _emoji_
Exaseetly what's happening in TN Politisees. This is not to get BJP at all to TN. Game is different. Again.1,1,exaseetly s happening tn politisees . not bjp_NEG tn_NEG . game different . . 1
but what camera you shooting with,0,camera shooting
Someone asked me Hows life? I just smiled and replied,1,asked hows life ? just smiled replied
I miss talking to yoyoyou who are yoyou younhappy yoyou can always still talk to me,0,miss talking yoyoyou yoyou younhappy yoyou talk
Good morning every one.2,1,good morning . 2
Delma Hanville It's official we are connected on Twitter! Thank you for the follow. Please don't ever Let It Go! happy ğŸ˜Š,1,delma hanville s official connected twitter ! thank follow . don t let ! happy _emoji_
rt for 13 ffs-it's not much but they're free-legit-free but follow me first to get them quicker-be patient i will g,1,rt 13 ffs s not free_NEG legit_NEG free_NEG follow_NEG quicker_NEG patient_NEG g_NEG
unhappy oh man.. ğŸ˜§,0,unhappy oh man . . _emoji_
I sincerely hope not too many priceless antiques were destroyed. Reg,0,sincerely hope not priceless_NEG antiques_NEG destroyed_NEG . reg
Jamie. Passion + perseverance equals two of the not-so-secret ingredients in the secret sauce of success happy ğŸ˜Š,1,jamie . passion perseverance equals not secret_NEG ingredients_NEG secret_NEG sauce_NEG success_NEG happy_NEG _emoji_
Thanks for the retweets this week. Much appreciated happy Want this? It's FREE! ğŸ˜Š,1,thanks retweets week . appreciated happy want ? s free ! _emoji_
Thanks for the recent follow Happy to connect happy have a great Thursday..14 ğŸ˜Š,1,thanks recent follow happy connect happy great thursday . . 14 _emoji_
I miss it already unhappy ğŸ˜§,0,miss unhappy _emoji_
i miss jihoon sad .1 ğŸ˜”,0,miss jihoon sad . 1 _emoji_
Gourmet chocolates are special and should be reserved for special occasions. Plain MMs,1,gourmet chocolates special reserved special occasions . plain mms
Oh well never liked Clay anyway unhappy ğŸ˜§,0,oh never liked_NEG clay_NEG unhappy_NEG _emoji_
That would be a great trick happy.4,1,great trick happy . 4
if josie,1,josie
Hellooo.. happy satans-daughter (taylynnox) ğŸ˜Š,1,hellooo . . happy satans daughter taylynnox _emoji_
Umma why you do this crying ğŸ˜†,0,umma crying _emoji_
Andy unhappy ğŸ˜§,0,andy unhappy _emoji_
SONE who cant stream at Genie!You CAN stream for TY at Genie! We are still sharing some Genie IDs. If you want it.1,1,sone stream genie ! stream ty genie ! sharing genie ids . want . 1
I'm a Japanese Directioner ğŸ˜„,1,m japanese directioner _emoji_
will miss it but I'm on an open education seminar in Palestine happy ğŸ˜Š,1,miss m open education seminar palestine happy _emoji_
Good morning every one.3,1,good morning . 3
I face swapped a cat with a dog and it's really upsetting unhappy .4 ğŸ˜§,0,face swapped cat dog s really upsetting unhappy . 4 _emoji_
Koalas are dying of thirst and it's all because of us unhappy .7 ğŸ˜§,0,koalas dying thirst s unhappy . 7 _emoji_
i got goosebumps,1,got goosebumps
please do commend him. H,0,commend . h
SO PRECIOUS I REALLY MISS HIM unhappy .1 ğŸ˜§,0,precious really miss unhappy . 1 _emoji_
have a great Thursday! Looking forward to reading your tweets happy Want this ğŸ˜Š,1,great thursday ! looking forward reading tweets happy want _emoji_
U GUYS ARE NOT NOTICING ME unhappy ğŸ˜§,0,u guys not noticing_NEG unhappy_NEG _emoji_
what if the one direction (band) itself is the one who's giving up? unhappy .1 ğŸ˜§,0,direction band s giving ? unhappy . 1 _emoji_
I have to wake up at 4:30 tomorrow so my body's gotten a head start by waking up at 4:30 every day this week unhappy ğŸ˜§,0,wake 4 : 30 tomorrow body s gotten head start waking 4 : 30 day week unhappy _emoji_
Well,1,
I know I'm not ready to say goodbye unhappy So ğŸ˜§,0,know m not ready_NEG say_NEG goodbye_NEG unhappy_NEG _emoji_
This is great to hear Joanna! happy We're so pleased you've had a good experience. ğŸ˜Š,1,great hear joanna ! happy pleased ve good experience . _emoji_
Top retweeters this week,1,retweeters week
what if the one direction (band) itself is the one who's giving up? unhappy ğŸ˜§,0,direction band s giving ? unhappy _emoji_
There're time we shcj do/did something that dissapointed ot6,1,time shcj did dissapointed ot6
Yeah! My sight reading was pretty good in high school.1,0,yeah ! sight reading pretty good high school . 1
I check Beautiful News every single day,1,check beautiful news single day
but no sign.,0,no sign_NEG .
I'm sorry but people have to make a living happy ğŸ˜Š,1,m sorry people make living happy _emoji_
check her AS:,1,check :
Kiera's Quest: Awakenings (Kiera's Quest Book 1),1,kiera s quest : awakenings kiera s quest book 1
Wow,1,wow
Playoffs rematch complete! Feels good going to worlds again ğŸ˜„,1,playoffs rematch complete ! feels good going worlds _emoji_
Thanks for that! Little things like that really help when sleep starts hitting and you don't drink coffee or energy drinks unhappy ğŸ˜§,0,thanks ! little things like really help sleep starts hitting don t drink coffee energy drinks unhappy _emoji_
This picture makes me sad unhappy ğŸ˜” ğŸ˜§,0,picture makes sad unhappy _emoji_ _emoji_
Just win at weekend and it will be a late gift,1,just win weekend late gift
aando uandhappy i googled it the other day to read the meandu agaiand and it said it was a hoax,0,aando uandhappy googled day read meandu agaiand said hoax
online shopping timmeee. anyone got good site suggestions? happy ğŸ˜Š,1,online shopping timmeee . got good site suggestions ? happy _emoji_
Nooo your hair color is pretty .1,0,nooo hair color pretty . 1
made dinner for two tonight happy.1,1,dinner tonight happy . 1
FAT ASS GIRL FAT FETISH760 HOT VIDEOS ONLINE,1,fat ass girl fat fetish760 hot videos online
Who hacked me unhappy ğŸ˜§,0,hacked unhappy _emoji_
can't wait to see you in that film Karl! I wished you would be here were I'm bu,0,t wait film karl ! wished m bu
A fish killer going to be pressed younhappy I the hoe of today you were a GOOD person,0,fish killer going pressed younhappy hoe today good person
I'll like her happy ğŸ˜Š,1,ll like happy _emoji_
#NAME?.1,0,? . 1
The best community gathering coming up! We're full,1,best community gathering coming !
unhappy sure ğŸ˜§,0,unhappy sure _emoji_
Thanks for being top engaged community members this week happy Want this ğŸ˜Š,1,thanks engaged community members week happy want _emoji_
Hitches Ride For Final unhappy ğŸ˜§,0,hitches ride final unhappy _emoji_
Join us this Saturday to celebrate our Earth by planting seedings! Head to our FB page for more information. happy ğŸ˜Š,1,join saturday celebrate earth planting seedings ! head fb page information . happy _emoji_
as long as she's cool,1,long s cool
It was not your fault,0,not fault_NEG
.Thanks so much for the RT,1,. thanks rt
Dammit the effect of the linearts doesn't show so nicely on twitter unhappy ğŸ˜§,0,dammit effect linearts doesn t nicely twitter unhappy _emoji_
Exaseetly what's happening in TN Politisees. This is not to get BJP at all to TN. Game is different. Again,1,exaseetly s happening tn politisees . not bjp_NEG tn_NEG . game different .
Pls RT[NCT FIC] Love Song,1,pls rt nct fic love song
77 ? Old Leyland,0,77 ? old leyland
Pfft- crying with joy Oh.. I hope year oldu're okay ğŸ˜†,1,pfft crying joy oh . . hope year oldu okay _emoji_
year old i am commenting on all the new ladylike videos. trust me. not a troll,1,year old commenting new ladylike videos . trust . not troll_NEG
Lets hope a VIP does this good deed. I want to watch this too . They shouldn't have done thi,0,lets hope vip does good deed . want watch . shouldn t thi
Thanks for the recent follow Happy to connect happy have a great Thursday..21 ğŸ˜Š,1,thanks recent follow happy connect happy great thursday . . 21 _emoji_
Ye... I will miss you unhappy ğŸ˜§,0,ye . . . miss unhappy _emoji_
So I may be one of those workers who are not properly compensated unhappy ğŸ˜§,0,workers not properly_NEG compensated_NEG unhappy_NEG _emoji_
congrats! ğŸ˜„,1,congrats ! _emoji_
If you're a CHAMPION,1,champion
Roc Boyz sad ğŸ˜”,0,roc boyz sad _emoji_
talking to my over driver about where I'm goinghe said he'd love to go to New York too but since Trump it's probably not.5 ğŸ˜,0,talking driver m goinghe said d love new york trump s probably not . 5 _emoji_
WUUT SERIOUSLY?,0,wuut seriously ?
Guys please help I tried to smoke some lettuce earlier but now my salad is ruined unhappy ğŸ˜§,0,guys help tried smoke lettuce earlier salad ruined unhappy _emoji_
Oh no unhappy ğŸ˜§,0,oh no unhappy_NEG _emoji_
Sorry I didn't make it to the book drive yesterday couldn't get outta work unhappy ğŸ˜§,0,sorry didn t make book drive yesterday couldn t outta work unhappy _emoji_
Miss my friends unhappy ğŸ˜§,0,miss friends unhappy _emoji_
this is jimin to yoongi unhappy .2 ğŸ˜§,0,jimin yoongi unhappy . 2 _emoji_
aww eunji didnt see win today sad but congratulations to winner !!!! ğŸ˜”,0,aww eunji didnt win today sad congratulations winner ! ! ! ! _emoji_
What texts are you doing? happy I've got the same issue! ğŸ˜Š,1,texts doing ? happy ve got issue ! _emoji_
positive and loving always happy ğŸ˜Š,1,positive loving happy _emoji_
Stats for the day have arrived. 1 new follower and NO unfollowers happy via.2 ğŸ˜Š,1,stats day arrived . 1 new follower no unfollowers_NEG happy_NEG . 2 _emoji_
find out more and sign up at,1,sign
Don't ask. Two special issues lined up. unhappy ğŸ˜§,0,don t ask . special issues lined . unhappy _emoji_
please! :D| KenBie,1,! : d kenbie
Thank you crew happy.2,1,thank crew happy . 2
Annoyingly the spaces in the variable width version of the C64 font that's available on the internet are wi,0,annoyingly spaces variable width version c64 font s available internet wi
Great to work with you too such a lovely place! Thank you for havin,1,great work lovely place ! thank havin
There was nothing religious in it. is calling out sexism. I don't think I need to spell out my stand,1,nothing religious_NEG . calling sexism . don t think need spell stand
Hey Tony,0,hey tony
Tell us about happy ğŸ˜Š,1,tell happy _emoji_
Definitely my arms unhappy .7 ğŸ˜§,0,definitely arms unhappy . 7 _emoji_
this is jimin to yoongi unhappy .7 ğŸ˜§,0,jimin yoongi unhappy . 7 _emoji_
Another day! Good morning!! It's April 20,1,day ! good morning ! ! s april 20
Great night! Hope you enjoyed the strip club after happy Thx for photo ğŸ˜Š,1,great night ! hope enjoyed strip club happy thx photo _emoji_
Pierces like a bitch unhappy ğŸ˜§,0,pierces like bitch unhappy _emoji_
Goodmorning!! My Parents are taking kids for lunch today- they are off school-Report Card! I'm wor,0,goodmorning ! ! parents taking kids lunch today school report card ! m wor
I seriously thought that Coldplay was going to be band like Depeche Mode or U2,0,seriously thought coldplay going band like depeche mode u2
I hate people who steal my ideas,1,hate people steal ideas
I WAITED FOR YOU unhappy ğŸ˜§,0,waited unhappy _emoji_
Veronice and Jughead! happy.1,1,veronice jughead ! happy . 1
I'd say ğŸ˜„,1,d say _emoji_
basketball etc theyre all restrict.Threw,0,basketball theyre restrict . threw
sob. unhappy ğŸ˜§,0,sob . unhappy _emoji_
Can you guys make the Japanese Greninja's and Waveguider come as well? happy ğŸ˜Š,1,guys make japanese greninja s waveguider come ? happy _emoji_
Are you also attractive to Liza Soberano? happy ğŸ˜Š,1,attractive liza soberano ? happy _emoji_
Never want to finish desperate housewives what will I do with my life unhappy ğŸ˜§,0,never want_NEG finish_NEG desperate_NEG housewives_NEG life_NEG unhappy_NEG _emoji_
please let me meet taehyung hiks crying with joy really hope i could win.This is my first cover ğŸ˜†,1,let meet taehyung hiks crying joy really hope win . cover _emoji_
Pozuelo (formerly of Swans) and Suso (Liverpool now AC),0,pozuelo swans suso liverpool ac
getting 70k,1,getting 70k
Update: I got in ğŸ˜„,1,update : got _emoji_
Preacher...... unhappy ğŸ˜§,0,preacher . . . . . . unhappy _emoji_
friendly service,1,friendly service
Peacefully sitting here reading my book after work,0,peacefully sitting reading book work
soph please don%27t win again unhappy jk.. good luck i think you will draw a good poster ğŸ˜§,0,soph don 27t win unhappy jk . . good luck think draw good poster _emoji_
Teaser coming out today at 4pm!Story,1,teaser coming today 4pm ! story
An inspiration in all aspects: Fashion,1,inspiration aspects : fashion
Claaaaaaaaaaaaasse !,0,claaaaaaaaaaaaasse !
why can't dogs just live forever unhappy ğŸ˜§,0,t dogs just live forever unhappy _emoji_
One year ago today unhappy ğŸ˜§,0,year ago today unhappy _emoji_
=Thumbnail UHC= This is my best render ever :Dand Favs are appreciated brosOpinios ?,1,thumbnail uhc best render : dand favs appreciated brosopinios ?
Is that store still in use? If so,0,store use ?
i left my headphones at home unhappy kms ğŸ˜§,0,left headphones home unhappy kms _emoji_
the application is Kana Kanji Funtime! Sadly,0,application kana kanji funtime ! sadly
lexxxxxy unhappy youre too nice to me instant message really not eek ğŸ˜§,0,lexxxxxy unhappy youre nice instant message really not eek_NEG _emoji_
but customs mean we can't send food abroad unhappy We do hope your other Birthday dreams come true ğŸ˜§,0,customs mean t send food abroad unhappy hope birthday dreams come true _emoji_
Rl? Serius?,0,rl ? serius ?
this looks awesome! Id love to see a VN like this ğŸ˜„ ğŸ˜,1,looks awesome ! id love vn like _emoji_ _emoji_
he could be whatever,0,
And you're right about McConnell as well. Unfortunately,0,right mcconnell . unfortunately
I need cheering up,0,need cheering
how to be you piss off crying 3 ğŸ˜†,0,piss crying 3 _emoji_
Wow! My friend Dara shared this from her hubby!!! He looks TERRIFIC. ğŸ˜Š Order YOURS here -,1,wow ! friend dara shared hubby ! ! ! looks terrific . _emoji_ order
this is the main reason I drink Total selflessness ğŸ˜„,1,main reason drink total selflessness _emoji_
at least it's not 80 cad like here unhappy (90 cad with Quebec taxes) ğŸ˜§,0,s not 80_NEG cad_NEG like_NEG unhappy_NEG 90_NEG cad_NEG quebec_NEG taxes_NEG _emoji_
Hi Mahima! We share your concern unhappy Please DM us your contact details so that we can get in touch for a detailed.. cont1 ğŸ˜§,0,hi mahima ! share concern unhappy dm contact details touch detailed . . cont1 _emoji_
Youngjae looked so sad in the video unhappy ğŸ˜” ğŸ˜§,0,youngjae looked sad video unhappy _emoji_ _emoji_
Yeah did update to 16.04,0,yeah did update 16 . 04
Beautiful album from the greatest unsung guitar genius of our time - and I've met the great backstage,1,beautiful album greatest unsung guitar genius time ve met great backstage
Speech-to-text doesnt understand my accent or Irish names unhappy ğŸ˜§,0,speech text doesnt understand accent irish names unhappy _emoji_
tonight 7pm,1,tonight 7pm
Go :*!!... I know you can do it..,1,: ! ! . . . know . .
A nice morning working from today. Lovely atmosphere,1,nice morning working today . lovely atmosphere
Think it would drive me mad once the synths and other robots turned up. unhappy ğŸ˜§,0,think drive mad synths robots turned . unhappy _emoji_
It's a very cute picture though ğŸ˜„,1,s cute picture _emoji_
it's been so much fun and I absolutely love the kids!! Don't want it to be over so soon unhappy ğŸ˜ ğŸ˜§,0,s fun absolutely love kids ! ! don t want soon unhappy _emoji_ _emoji_
Unnamed: 938,0,unnamed : 938
wifi,1,wifi
music and direction by of my favourites by,1,music direction favourites
senior snaps are starting to get so senti aw unhappy ğŸ˜§,0,senior snaps starting senti aw unhappy _emoji_
unhappy But if there'll be 1 Silver-that'd be him! ğŸ˜§,0,unhappy ll 1 silver d ! _emoji_
and totally of,1,totally
Thanks for the recent follow Happy to connect happy have a great Thursday. Get this ğŸ˜Š,1,thanks recent follow happy connect happy great thursday . _emoji_
Q2 I'm not an MH healthcare professional. As much as I want to help I'm scared to death I might make the situation,0,q2 m not mh_NEG healthcare_NEG professional_NEG . want help m scared death make situation
Ah Baba no idea tori olorun. May I never be a victim of such case,0,ah baba no idea_NEG tori_NEG olorun_NEG . never victim_NEG case_NEG
And the website is down since long happy ğŸ˜Š,1,website long happy _emoji_
fuck get me followers unhappy my ratio is amazing ğŸ˜§,0,fuck followers unhappy ratio amazing _emoji_
Used up a month's worth at Laugharne Weekend sad (no wi-fi in small Carmarthenshire towns ğŸ˜”,0,used month s worth laugharne weekend sad no wi_NEG fi_NEG small_NEG carmarthenshire_NEG towns_NEG _emoji_
Hey,1,hey
it kind of feels like a sunburight now right now sad someone please make the nobby things on glasses not slip ğŸ˜”,0,kind feels like sunburight right sad make nobby things glasses not slip_NEG _emoji_
I'm just really soft spoken unhappy ğŸ˜§,0,m just really soft spoken unhappy _emoji_
Work at 7 this morning unhappy ğŸ˜§,0,work 7 morning unhappy _emoji_
buy or do anything that supports Canada until,0,buy supports canada
red velvet too unhappy ğŸ˜§,0,red velvet unhappy _emoji_
PLEASE THIS BEAUTIFUL PRINCESS HAVE YOUR HELP,1,beautiful princess help
Mmmm... the blood of my enemies... happy ğŸ˜Š,1,mmmm . . . blood enemies . . . happy _emoji_
we buried it alive and now it's screaming in my head crying ğŸ˜†,0,buried alive s screaming head crying _emoji_
hey.1,1,hey . 1
Jyoust hyoug me,0,jyoust hyoug
I wish I was meeting OA again unhappy ğŸ˜§,0,wish meeting oa unhappy _emoji_
Yes,1,yes
tonight 7pm.1,1,tonight 7pm . 1
It seems they cost abut 40k a year? I'm paying half that for my full education and don't get treat,0,cost abut 40k year ? m paying half education don t treat
I'll check that out... I was excited about the backup singers but they were way too backup unhappy ğŸ˜§,0,ll check . . . excited backup singers way backup unhappy _emoji_
Just delivered my Managing the Online Customer Journey keynote at the Autodesk Partner Event. Incredible event,1,just delivered managing online customer journey keynote autodesk partner event . incredible event
ABC News got ahold of me and asked if they could use a few seconds of my coming out video for a transgender special this f,1,abc news got ahold asked use seconds coming video transgender special f
Thanks for the this week,1,thanks week
hi cham,1,hi cham
Hey thanks for being top High Value Members of last week,1,hey thanks high value members week
All of the park areas in Paris are marked as green on Google maps,0,park areas paris marked green google maps
The Bank Job,1,bank job
I miss the 7/27 costumes unhappy ğŸ˜§,0,miss 7 27 costumes unhappy _emoji_
all! I'm Roy Dahildahil,1,! m roy dahildahil
Youngjae during fansign on 04/10/17 constantly massaging his back. Clearly something wrong but pretended he was not,0,youngjae fansign 04 10 17 constantly massaging . clearly wrong pretended not
SURE NO PROB. ILABYU TOO,0,sure no prob_NEG . ilabyu
Congrats for 3M followers on Instagram! happy ğŸ˜Š,1,congrats 3m followers instagram ! happy _emoji_
Your body hears everything your mind says. Be kind,1,body hears mind says . kind
Going to CA in July,0,going ca july
A fish killer going to be pressed younhappy I the hoe of today you were a GOOD person .1,0,fish killer going pressed younhappy hoe today good person . 1
You may draw your conclusions from any deviation from that level either in the direction of therapy or prevention,1,draw conclusions deviation level direction therapy prevention
I feel so awful today unhappy I don't want to go to my internship ğŸ˜§,0,feel awful today unhappy don t want internship _emoji_
You better check this out,1,better check
sad I don't ğŸ˜”,0,sad don t _emoji_
Need your help guys crying ğŸ˜†,0,need help guys crying _emoji_
beautiful set,1,beautiful set
2nd Cousin Vlad !!!!! maybe thats a message from the Hockey G,1,2nd cousin vlad ! ! ! ! ! maybe thats message hockey g
DM us happy S.3 ğŸ˜Š,1,dm happy s . 3 _emoji_
We've 80 so far in our collection of 150+! happy New gin menu coming soon as well! ğŸ˜Š,1,ve 80 far collection 150 ! happy new gin menu coming soon ! _emoji_
Hi Han,1,hi han
Awesome recommendation Jess! Listened to the,1,awesome recommendation jess ! listened
Nothing could be better happy.4,1,nothing better_NEG happy_NEG . 4
Sister cyril came to our school once happy ğŸ˜Š,1,sister cyril came school happy _emoji_
Hey.1,1,hey . 1
I won't be on till later! unhappy ğŸ˜§,0,won t till later ! unhappy _emoji_
there's always shit like this. there's always people who are less deserving getting tickets,0,s shit like . s people deserving getting tickets
Agreed! I feel like I've skipped too many css/design fundamentals. I'm spending the next couple of,1,agreed ! feel like ve skipped css design fundamentals . m spending couple
Thanks for the recent follow Happy to connect happy have a great Thursday..18 ğŸ˜Š,1,thanks recent follow happy connect happy great thursday . . 18 _emoji_
Thanks for sharing my iris photo. I really appreciate it smile ğŸ˜­,1,thanks sharing iris photo . really appreciate smile _emoji_
assumes Im outsider because of my,0,assumes im outsider
we just reply to his tweets?? Like all his other followers do.....This is pointless,1,just reply tweets ? ? like followers . . . . . pointless
Gorbachev done w/o fear. Thought bold enough to implement his vision on Damp Squib unhappy ğŸ˜§,0,gorbachev w o fear . thought bold implement vision damp squib unhappy _emoji_
PLAYMFS: need moodbooster juseyo unhappy jily_jelly ğŸ˜§,0,playmfs : need moodbooster juseyo unhappy _emoji_
My husband has a family history with the mafia too but he doesn't know the stories sad ğŸ˜”,0,husband family history mafia doesn t know stories sad _emoji_
Thanks for the recent follow Happy to connect happy have a great Thursday. Want this.5 ğŸ˜Š,1,thanks recent follow happy connect happy great thursday . want . 5 _emoji_
Feeling myself,1,feeling
this is damn.... theres people who sincerely want to attend BH birthday party but bcs of those people who try for fun make them ca.3,0,damn . . . . theres people sincerely want attend bh birthday party bcs people try fun make ca . 3
Our crazy EASTER! Our donkey is insane! Seriously crazy haha!,1,crazy easter ! donkey insane ! seriously crazy haha !
Nah over-rated happy x ğŸ˜Š,1,nah rated happy x _emoji_
Someone should bring me breakfast to work unhappy ğŸ˜§,0,bring breakfast work unhappy _emoji_
so sorry I havent been checking my tweets unhappy We are all here for you! ğŸ˜§,0,sorry havent checking tweets unhappy ! _emoji_
not being spe,1,not spe_NEG
i love you but I can%27t be arsed i don%27t know why people keep saying it unhappy ğŸ˜ ğŸ˜§,0,love 27t arsed don 27t know people saying unhappy _emoji_ _emoji_
Crap. Hailie won't be there. She has a school game and won't make it to Middleburg in time unhappy ğŸ˜§,0,crap . hailie won t . school game won t make middleburg time unhappy _emoji_
Still NO sign - it's a very small area ( Gardens ) and it would be very obvious sad quite a few eyes now ğŸ˜”,0,no sign_NEG s_NEG small_NEG area_NEG gardens_NEG obvious_NEG sad_NEG quite_NEG eyes_NEG _emoji_
Ok. Just please read the replies on this....,1,ok . just read replies . . . .
they're like 90 calories per piece unhappy ğŸ˜§,0,like 90 calories piece unhappy _emoji_
the girl in front of me was,0,girl
New twitter account piss off no idea MAJA SALVADOR is Follow not applicable guys happy ğŸ˜Š,1,new twitter account piss no idea_NEG maja_NEG salvador_NEG follow_NEG not applicable_NEG guys_NEG happy_NEG _emoji_
it just proves me wrong in a matter of days happy fuck my life happy )) ğŸ˜Š ğŸ˜Š,1,just proves wrong matter days happy fuck life happy _emoji_ _emoji_
That is super scary unhappy ğŸ˜§,0,super scary unhappy _emoji_
most painful thing ever is having feelings for someone you can't be with .. unhappy ğŸ˜§,0,painful thing having feelings t . . unhappy _emoji_
Russell my phone is just 10% is there a possibility or a chance that you would notice me? unhappy ğŸ˜§,0,russell phone just 10 possibility chance notice ? unhappy _emoji_
Hey everyone me and Harry have just had pancakes and maple syrup for breakfast . Great way to start the day happy Miss you a ğŸ˜Š,1,hey harry just pancakes maple syrup breakfast . great way start day happy miss _emoji_
I'm staying here in SA unhappy ğŸ˜§,0,m staying sa unhappy _emoji_
MUZ U MORE,0,muz u
I can't do it all on my own. (See what I did there? ),0,t . did ?
trashing others and having a possee behind you boosts your ego,0,trashing having possee boosts ego
The biblical lectures are coming. More notification soon. Tomorrow,0,biblical lectures coming . notification soon . tomorrow
Love you too P!,1,love p !
But I'm lonely. unhappy ğŸ˜§,0,m lonely . unhappy _emoji_
my boyfriend mad cute unhappy ğŸ˜§,0,boyfriend mad cute unhappy _emoji_
Sorry for being tired on stream. Will get some sleep and try be more fun tomorrow. Just wasn't feeling it tonight guys. Not,0,sorry tired stream . sleep try fun tomorrow . just wasn t feeling tonight guys . not
Am away next Thursday unhappy the one after! ğŸ˜§,0,away thursday unhappy ! _emoji_
Superstar thanks so much for the kind words! Look forward to seeing you soon buddy smile.2,1,superstar thanks kind words ! look forward seeing soon buddy smile . 2
I write fiction. Some PR knob who writes sentence fragments on an iPad next to the Shoreditch House piss off,1,write fiction . pr knob writes sentence fragments ipad shoreditch house piss
Guess who's not getting a unicorn frappuccino because they're sold out unhappy .1 ğŸ˜§,0,guess s not getting_NEG unicorn_NEG frappuccino_NEG sold_NEG unhappy_NEG . 1 _emoji_
damn ify ate unhappy ğŸ˜§,0,damn ify ate unhappy _emoji_
If this gets 70rts I will giveaway 5 minecraft accounts and an origin account randomly to people who retw,1,gets 70rts giveaway 5 minecraft accounts origin account randomly people retw
mane has been amazing unhappy ğŸ˜§,0,mane amazing unhappy _emoji_
Do you want me to follow you back? If you do this tweet and I will. happy only ğŸ˜Š,1,want follow ? tweet . happy _emoji_
both look so so good at there current clubs. Shame they never cut it in the PL unhappy ğŸ˜§,0,look good current clubs . shame never cut_NEG pl_NEG unhappy_NEG _emoji_
Im getting one too smile smile smile smile ğŸ˜­ ğŸ˜­ ğŸ˜­ ğŸ˜­,1,im getting smile smile smile smile _emoji_ _emoji_ _emoji_ _emoji_
oh noooo baby unhappy ğŸ˜§,0,oh noooo baby unhappy _emoji_
i took a full drink into my uber; i guess you could say instant message pretty wild. These are the Tuesdays we'll never forget happy ğŸ˜Š,1,took drink uber ; guess say instant message pretty wild . tuesdays ll never forget_NEG happy_NEG _emoji_
You deserve better . Hope you'll be okay unhappy ğŸ˜§,0,deserve better . hope ll okay unhappy _emoji_
Why am I better at pen then pencil?dafaqcomonI just want to be a good drawer unhappy ğŸ˜§,0,better pen pencil ? dafaqcomoni just want good drawer unhappy _emoji_
That would be a great trick happy.3,1,great trick happy . 3
I want to give him everything that makes him happy just to see this smile unhappy ğŸ˜Š ğŸ˜­ ğŸ˜§,0,want makes happy just smile unhappy _emoji_ _emoji_ _emoji_
You say VUCA,1,say vuca
where's justin i miss him unhappy ğŸ˜§,0,s justin miss unhappy _emoji_
AVI for my man ğŸ˜Š Phone made like always ;).1,1,avi man _emoji_ phone like ; . 1
Shameful,0,shameful
i wasn't saying i read a book today.1,1,wasn t saying read book today . 1
Currently standing outside the shard with a bag full of empty bottles because I came to work with tom today happy ğŸ˜Š,1,currently standing outside shard bag bottles came work tom today happy _emoji_
this is jimin to yoongi unhappy .6 ğŸ˜§,0,jimin yoongi unhappy . 6 _emoji_
i'll try sad and yes i am unhappy ğŸ˜” ğŸ˜§,0,ll try sad yes unhappy _emoji_ _emoji_
Hi! We tried to call your number but got no response unhappy Please share another suitable time and an alternate number for.. cont1 ğŸ˜§,0,hi ! tried number got no response_NEG unhappy_NEG share_NEG suitable_NEG time_NEG alternate_NEG number_NEG . . cont1 _emoji_
how about me bes jup unhappy ğŸ˜§,0,bes jup unhappy _emoji_
The one with backward cap,1,backward cap
Just wandering around,1,just wandering
can just see the edge creeping in unhappy ğŸ˜§,0,just edge creeping unhappy _emoji_
Byron in 3 weeks,1,byron 3 weeks
Gamer Follow Train!Follow MeRetweet thisFollow all who retweetedGain active followers happy 450 ğŸ˜Š,1,gamer follow train ! follow meretweet thisfollow retweetedgain active followers happy 450 _emoji_
I do it for 5/6 times a week leh sad and yes closing is damn fuck opening so much better ğŸ˜”,0,5 6 times week leh sad yes closing damn fuck opening better _emoji_
My heart hurts. sad I hate people ğŸ˜”,0,heart hurts . sad hate people _emoji_
coming soon to a screen near you.,1,coming soon screen near .
Yesterday's faci so cute! But he 30+ ğŸ˜§ Today's faci is old eeyer,0,yesterday s faci cute ! 30 _emoji_ today s faci old eeyer
But,1,
Thanks for the recent follow Happy to connect happy have a great Thursday..16 ğŸ˜Š,1,thanks recent follow happy connect happy great thursday . . 16 _emoji_
DONT LAUGH unhappy MEANIE BASE ğŸ˜§,0,dont laugh unhappy meanie base _emoji_
NOOOO in here is 6.45 ;_; I have classes at that time unhappy ğŸ˜§,0,noooo 6 . 45 ; ; classes time unhappy _emoji_
this is damn.... theres people who sincerely want to attend BH birthday party but bcs of those people who try for fun make them ca.8,0,damn . . . . theres people sincerely want attend bh birthday party bcs people try fun make ca . 8
you know what i think? you look exceptional for a new Mum,1,know think ? look exceptional new mum
resolve is sooo slow on my laptop,0,resolve sooo slow laptop
Did you go all the way to Keem? Have you been up Minaun? That's a good one if you are into extreme driving today smile ğŸ˜­,1,did way keem ? minaun ? s good extreme driving today smile _emoji_
Thanks for the recent follow Happy to connect happy have a great Thursday. Want this ?.1 ğŸ˜Š,1,thanks recent follow happy connect happy great thursday . want ? . 1 _emoji_
Definitely my arms unhappy .9 ğŸ˜§,0,definitely arms unhappy . 9 _emoji_
a friend who would like a BRAND NEW Strapback hats only 14.99 at,1,friend like brand new strapback hats 14 . 99
Don't be buffalo unhappy ğŸ˜§,0,don t buffalo unhappy _emoji_
Thank you unhappy i need a certificate signed from God ğŸ˜§,0,thank unhappy need certificate signed god _emoji_
Watch your words happy ğŸ˜Š,1,watch words happy _emoji_
i love when people or message me w long messages about how beautiful they find joon like unhappy yes i agree keep going ğŸ˜ ğŸ˜§,0,love people message w long messages beautiful joon like unhappy yes agree going _emoji_ _emoji_
HOLY SHIT! 40 pages script of the opening scene of Man Of Steel on Krypton got compressed.I wish I could at least,0,holy shit ! 40 pages script opening scene man steel krypton got compressed . wish
see the next tweet! I did about 5 different things while keeping very calm,1,tweet ! did 5 different things keeping calm
good,1,good
Mummy,1,mummy
and still not being rich - try getting a life,1,not rich_NEG try_NEG getting_NEG life_NEG
Here is the link for Seventeen's Yokohama Concert with English subs ğŸ˜Š DDL:,1,link seventeen s yokohama concert english subs _emoji_ ddl :
Would really like it if the coandsole versioands and got the update to makr it like the Steam versioand. =(,0,really like coandsole versioands got update makr like steam versioand .
Not really I am a Labour supporter and am actually quite glad happy I mean how much did he claim in 2009 fuck off ğŸ˜Š,1,not really_NEG labour_NEG supporter_NEG actually_NEG quite_NEG glad_NEG happy_NEG mean_NEG did_NEG claim_NEG 2009_NEG fuck_NEG _emoji_
Mine hasn't been sending stuff unhappy ğŸ˜§,0,hasn t sending stuff unhappy _emoji_
koh,0,koh
the displayport to HDMI turned up so we back on to screens o/ 5 days to get the dual PC stream setup sorted (lol) ğŸ˜„,1,displayport hdmi turned screens o 5 days dual pc stream setup sorted lol _emoji_
wish i had someone to cuddle me right now unhappy ğŸ˜§,0,wish cuddle right unhappy _emoji_
[PLEASE RT] he'll buy me a blinking taehyung headband.1,0,rt ll buy blinking taehyung headband . 1
My boo))):,0,boo :
As the last event for chapter 1,1,event chapter 1
unfortunately,0,unfortunately
Please,1,
I just told them to bugger off and hung up! They waned access to my pc. If they phoned someone like my Gran,0,just told bugger hung ! waned access pc . phoned like gran
Koalas are dying of thirst and it's all because of us unhappy .11 ğŸ˜§,0,koalas dying thirst s unhappy . 11 _emoji_
Stats for the day have arrived. 1 new follower and NO unfollowers happy via.3 ğŸ˜Š,1,stats day arrived . 1 new follower no unfollowers_NEG happy_NEG . 3 _emoji_
Bapak Tom Cruise.,0,bapak tom cruise .
Yeah,0,yeah
[PLEASE RT] he'll buy me a blinking taehyung headband.2,0,rt ll buy blinking taehyung headband . 2
instant message still bored unhappy ğŸ˜§,0,instant message bored unhappy _emoji_
do you even care at all unhappy ğŸ˜§,0,care unhappy _emoji_
Teaser coming out today at 4pm!Story.1,1,teaser coming today 4pm ! story . 1
Nice,1,nice
I miss you more unhappy ğŸ˜§,0,miss unhappy _emoji_
13 Reasons Why producers: we care about youth mental health ğŸ˜Š 13RW producers: *show young audience graphic rape and suicide s,1,13 reasons producers : care youth mental health _emoji_ 13rw producers : young audience graphic rape suicide s
Rose come to him! He's really your enthusiast :-D using SO MUCH not SO MAY! :-) ~~~,1,rose come ! s really enthusiast : d using not ! :
a beautiful day happy ğŸ˜Š,1,beautiful day happy _emoji_
unhappy ğŸ˜’ unhappy feeling sick ğŸ˜§ ğŸ˜§,0,unhappy _emoji_ unhappy feeling sick _emoji_ _emoji_
Client work for rt and favorite happy.2,1,client work rt favorite happy . 2
Nooo your hair color is pretty,0,nooo hair color pretty
have a great,1,great
Congratulations,1,congratulations
As if this process hasn't been frustrating enough,0,process hasn t frustrating
this is damn.... theres people who sincerely want to attend BH birthday party but bcs of those people who try for fun make them ca.1,0,damn . . . . theres people sincerely want attend bh birthday party bcs people try fun make ca . 1
As Nani in lies unconscious,0,nani lies unconscious
Joy we should get him back,0,joy
Hellooo.. happy Kyle Davies (RebelByACause) ğŸ˜Š,1,hellooo . . happy kyle davies rebelbyacause _emoji_
Aww hating that I got sponsored,1,aww hating got sponsored
rt if you hate me crying with joy ğŸ˜†,1,rt hate crying joy _emoji_
Hello everyone,1,hello
Thanks for sharing my iris photo. I really appreciate it smile.1,1,thanks sharing iris photo . really appreciate smile . 1
SONE who cant stream at Genie!You CAN stream for TY at Genie! We are still sharing some Genie IDs. If you want it,1,sone stream genie ! stream ty genie ! sharing genie ids . want
Ailes sure knew how to make a great network! Fox is going downhill wi,0,ailes sure knew make great network ! fox going downhill wi
that I said,1,said
my puppies deserves all better unhappy .1 ğŸ˜§,0,puppies deserves better unhappy . 1 _emoji_
Awesome! makes a good nurse maid,1,awesome ! makes good nurse maid
Share the love: thanks for being top new followers this week happy.3,1,share love : thanks new followers week happy . 3
Ah alright,0,ah alright
Unnamed: 527,1,unnamed : 527
Hope he's ok,0,hope s ok
Hi! We tried to call your number but got no response unhappy Please share another suitable time and an alternate number.. cont1 ğŸ˜§,0,hi ! tried number got no response_NEG unhappy_NEG share_NEG suitable_NEG time_NEG alternate_NEG number_NEG . . cont1 _emoji_
Definitely my arms unhappy .11 ğŸ˜§,0,definitely arms unhappy . 11 _emoji_
I just finished gym,0,just finished gym
AVI for my man ğŸ˜Š Phone made like always ğŸ˜‰,1,avi man _emoji_ phone like _emoji_
I know vearey moving. and TWISTY! And you aaree are,1,know vearey moving . twisty ! aaree
he'll kil,0,ll kil
Thank you crew happy.1,1,thank crew happy . 1
This never happened with our happy.1,1,never happened_NEG happy_NEG . 1
